,Status,Brand,Model,CPU,RAM,SSD Size,Screen,Touch,Final Price
0,1,MSI,Katana,Intel Core i7,16,1000,15.6,0,1199.0
2,1,Asus,VivoBook,Intel Core i7,8,512,15.6,0,809.01
3,1,HP,Victus,Intel Core i7,16,512,16.1,0,1149.0
4,1,MSI,Thin,Intel Core i7,16,1000,15.6,0,1399.0
5,1,Asus,VivoBook,Intel Core i7,8,512,15.6,0,769.0
6,1,MSI,Thin,Intel Core i7,16,512,15.6,0,999.0
7,1,Asus,TUF,Intel Core i7,16,512,15.6,0,1179.0
8,1,MSI,Katana,Intel Core i7,16,512,15.6,0,1549.0
10,1,HP,15S,Intel Core i7,16,512,15.6,0,789.0
11,1,HP,Omen,Intel Core i7,32,1000,16.1,0,1699.0
12,1,Asus,ZenBook,Intel Core i7,16,512,13.3,0,1089.0
13,1,HP,Victus,Intel Core i7,16,512,16.1,0,1399.0
14,1,HP,15S,Intel Core i7,16,512,15.6,0,899.01
15,1,MSI,Creator,Intel Core i7,32,1000,16.0,0,1899.01
16,1,MSI,Katana,Intel Core i7,16,1000,15.6,0,1699.0
17,1,Asus,VivoBook,Intel Core i7,16,512,15.6,0,809.01
18,1,Asus,VivoBook,Intel Core i7,8,512,15.6,0,749.0
19,1,MSI,Modern,Intel Core i7,16,1000,15.6,0,999.0
21,1,Asus,VivoBook,Intel Core i7,8,512,15.6,0,859.0
22,1,MSI,Creator,Intel Core i7,32,1000,16.0,0,1499.01
23,1,MSI,Katana,Intel Core i7,16,1000,15.6,0,1699.0
24,1,HP,Victus,Intel Core i7,16,512,16.1,0,1199.0
25,1,MSI,Modern,Intel Core i7,16,1000,14.0,0,999.0
26,1,Lenovo,IdeaPad,Intel Core i7,16,512,15.6,0,749.0
27,1,MSI,Prestige,Intel Core i7,16,1000,14.0,0,1489.0
28,1,HP,Pavilion,Intel Core i7,16,512,15.6,0,999.0
29,1,HP,15S,Intel Core i7,8,512,15.6,0,739.01
30,1,MSI,Stealth,Intel Core i7,32,1000,16.0,0,2449.0
31,1,Acer,Aspire,Intel Core i7,8,512,15.6,0,839.0
32,1,Asus,ZenBook,Intel Core i7,16,512,13.3,0,1199.0
33,1,Razer,Blade,Intel Core i7,16,1000,15.6,0,3299.99
34,1,Asus,VivoBook,Intel Core i7,8,512,16.0,0,709.0
35,1,Lenovo,IdeaPad,Intel Core i7,16,512,15.6,0,749.0
36,1,Asus,VivoBook,Intel Core i7,8,512,16.0,0,819.0
37,1,Lenovo,IdeaPad,Intel Core i7,16,512,15.6,0,1399.0
38,1,MSI,Pulse,Intel Core i7,32,1000,17.3,0,1499.0
39,1,HP,15S,Intel Core i7,8,512,15.6,0,699.0
40,1,Lenovo,Legion,Intel Core i7,16,512,15.6,0,1599.0
41,1,MSI,Modern,Intel Core i7,16,512,14.0,0,999.0
42,0,Lenovo,IdeaPad,Intel Core i7,16,512,15.6,0,899.0
43,1,MSI,Stealth,Intel Core i7,32,1000,15.6,0,1899.0
44,1,MSI,Prestige,Intel Core i7,32,1000,14.0,0,1359.0
45,1,Asus,F515,Intel Core i7,8,512,15.6,0,839.0
46,1,Lenovo,Legion,Intel Core i7,16,1000,15.6,0,1569.01
47,1,MSI,Modern,Intel Core i7,16,1000,14.0,0,999.0
48,1,MSI,Prestige,Intel Core i7,32,1000,16.0,0,1999.0
49,1,MSI,Prestige,Intel Core i7,32,1000,16.0,0,1999.0
50,1,HP,Omen,Intel Core i7,32,1000,17.3,0,1799.0
51,1,MSI,Stealth,Intel Core i7,32,1000,17.3,0,2949.0
52,1,MSI,Pulse,Intel Core i7,16,1000,17.3,0,2099.0
53,1,Asus,ExpertBook,Intel Core i7,16,512,15.6,0,1049.0
54,1,Razer,Blade,Intel Core i7,16,1000,15.6,0,2799.99
55,1,HP,Omen,Intel Core i7,16,1000,16.1,0,1599.0
56,1,Asus,TUF,Intel Core i7,16,512,15.6,0,1299.0
57,1,MSI,Stealth,Intel Core i7,16,1000,15.6,0,1799.0
58,1,MSI,Katana,Intel Core i7,16,512,15.6,0,1299.0
59,1,MSI,Modern,Intel Core i7,16,1000,15.6,0,1169.01
60,1,Gigabyte,Aero,Intel Core i7,16,2000,16.0,0,2899.0
61,1,Acer,Nitro,Intel Core i7,16,512,15.6,0,1499.0
62,1,MSI,Prestige,Intel Core i7,16,1000,16.0,0,1899.0
63,1,HP,Omen,Intel Core i7,32,1000,17.3,0,1999.0
64,1,Lenovo,V15,Intel Core i7,16,512,15.6,0,699.0
65,1,Lenovo,IdeaPad,Intel Core i7,8,512,14.0,0,999.0
66,1,MSI,Stealth,Intel Core i7,32,1000,14.0,0,2549.01
67,1,MSI,Stealth,Intel Core i7,32,1000,16.0,0,2599.01
68,1,Asus,ExpertBook,Intel Core i7,8,512,15.6,0,849.0
69,1,Asus,TUF,Intel Core i7,16,512,15.6,0,1519.01
70,1,Razer,Blade,Intel Core i7,16,1000,17.3,0,3099.99
71,1,Asus,TUF,Intel Core i7,16,1000,15.6,0,1799.0
72,1,Asus,TUF,Intel Core i7,32,1000,15.6,0,1999.0
73,1,MSI,Creator,Intel Core i7,32,1000,16.0,1,2729.01
74,1,MSI,Pulse,Intel Core i7,16,1000,17.3,0,1899.0
75,1,Asus,ROG,Intel Core i7,32,1000,16.0,0,2599.01
76,1,Asus,VivoBook,Intel Core i7,16,512,15.6,0,909.0
78,1,MSI,Creator,Intel Core i7,32,1000,16.0,1,2499.0
79,1,HP,Victus,Intel Core i7,32,512,16.1,0,1499.01
80,1,Dell,Vostro,Intel Core i7,16,512,15.6,0,889.0
81,1,HP,Pavilion,Intel Core i7,16,512,14.0,0,1729.01
82,1,MSI,Raider,Intel Core i7,32,1000,16.0,0,2499.0
83,1,Acer,Aspire,Intel Core i7,16,512,15.6,0,749.0
84,1,MSI,Creator,Intel Core i7,16,512,16.0,0,1399.0
85,1,HP,Victus,Intel Core i7,16,1000,16.1,0,1299.01
86,1,MSI,Creator,Intel Core i7,16,1000,16.0,0,1749.0
87,1,Asus,VivoBook,Intel Core i7,16,512,17.3,0,999.0
88,1,Asus,TUF,Intel Core i7,16,512,15.6,0,1699.0
89,1,Asus,ExpertBook,Intel Core i7,16,512,14.0,1,2109.0
90,1,MSI,Prestige,Intel Core i7,16,1000,16.0,0,1889.0
91,1,Asus,TUF,Intel Core i7,32,1000,17.3,0,1999.0
93,1,MSI,Summit,Intel Core i7,32,1000,16.0,1,2379.01
94,1,MSI,Creator,Intel Core i7,16,1000,16.0,0,1599.0
95,1,Asus,ROG,Intel Core i7,32,1000,16.0,0,1999.0
96,1,Asus,TUF,Intel Core i7,16,1000,15.6,0,2049.0
97,1,MSI,Creator,Intel Core i7,32,1000,16.0,0,1699.0
98,1,HP,15S,Intel Core i7,16,512,15.6,0,759.01
99,1,MSI,Prestige,Intel Core i7,32,1000,14.0,0,1589.01
100,1,MSI,Katana,Intel Core i7,16,512,15.6,0,1199.0
101,1,Asus,ExpertBook,Intel Core i7,16,512,14.0,0,1719.0
102,1,Acer,Aspire,Intel Core i7,8,512,15.6,0,729.0
103,1,Acer,Predator,Intel Core i7,16,512,15.6,0,1779.0
104,1,HP,250,Intel Core i7,16,512,15.6,0,819.0
105,1,MSI,Raider,Intel Core i7,32,1000,17.0,0,2799.0
106,0,MSI,Modern,Intel Core i7,16,512,14.0,0,1099.0
107,1,Asus,TUF,Intel Core i7,16,1000,17.3,0,1619.0
108,1,MSI,Creator,Intel Core i7,32,1000,17.0,1,3129.0
109,1,Razer,Blade,Intel Core i7,16,1000,17.3,0,3499.99
110,1,MSI,Summit,Intel Core i7,32,1000,16.0,1,2499.0
111,1,HP,Omen,Intel Core i7,16,1000,16.1,0,1699.01
112,1,MSI,Prestige,Intel Core i7,32,1000,16.0,0,2239.01
113,1,Acer,Predator,Intel Core i7,16,512,16.0,0,1589.01
114,1,HP,Omen,Intel Core i7,32,1000,16.1,0,1999.0
115,1,Asus,ExpertBook,Intel Core i7,16,512,14.0,0,1189.0
116,1,LG,Gram,Intel Core i7,16,512,17.0,0,1409.01
117,1,Acer,Predator,Intel Core i7,16,512,14.0,0,1739.0
118,1,Asus,TUF,Intel Core i7,32,1000,15.6,0,1699.01
119,1,Acer,Nitro,Intel Core i7,16,512,17.3,0,1629.0
120,1,Asus,VivoBook,Intel Core i7,16,512,16.0,0,769.0
121,1,HP,Pavilion,Intel Core i7,16,1000,14.0,0,1409.01
122,1,HP,Pavilion,Intel Core i7,16,1000,14.0,0,1629.0
123,1,MSI,Stealth,Intel Core i7,32,1000,17.3,0,3599.0
124,1,Asus,VivoBook,Intel Core i7,32,512,16.0,0,2089.0
125,1,Acer,Predator,Intel Core i7,32,1000,15.6,0,2389.0
126,1,MSI,Stealth,Intel Core i7,32,1000,17.3,0,3818.77
127,1,Gigabyte,Aorus,Intel Core i7,16,1000,15.6,0,1949.01
128,1,Lenovo,IdeaPad,Intel Core i7,16,512,14.0,1,979.0
129,1,Acer,Nitro,Intel Core i7,16,512,17.3,0,1539.0
130,1,Acer,Predator,Intel Core i7,16,1000,16.0,0,1929.01
131,1,MSI,Creator,Intel Core i7,16,1000,16.0,0,1699.01
132,1,MSI,Creator,Intel Core i7,16,1000,16.0,0,1899.01
133,1,MSI,Raider,Intel Core i7,32,1000,16.0,0,2578.38
135,1,HP,Omen,Intel Core i7,32,1000,17.3,0,1799.0
136,1,MSI,Stealth,Intel Core i7,32,1000,16.0,0,2059.76
137,1,MSI,Stealth,Intel Core i7,32,1000,16.0,0,2459.01
138,1,Asus,TUF,Intel Core i7,32,1000,15.6,0,1889.0
139,1,MSI,Stealth,Intel Core i7,16,1000,16.0,0,2249.0
141,1,MSI,Stealth,Intel Core i7,32,1000,16.0,0,2749.0
142,1,Gigabyte,Aero,Intel Core i7,16,1000,14.0,0,1969.01
143,1,MSI,Creator,Intel Core i7,32,1000,16.0,1,2949.0
144,1,MSI,Stealth,Intel Core i7,16,1000,14.0,0,2349.01
145,1,Asus,ZenBook,Intel Core i7,32,1000,15.6,1,2799.0
146,1,Gigabyte,Aero,Intel Core i7,16,2000,17.3,0,2999.0
147,1,HP,Victus,Intel Core i7,16,512,15.6,0,1299.01
148,1,MSI,Prestige,Intel Core i7,16,1000,16.0,0,1889.0
149,1,Gigabyte,Aero,Intel Core i7,16,1000,16.0,0,2309.01
150,1,MSI,Creator,Intel Core i7,16,1000,16.0,1,2649.0
151,1,MSI,Stealth,Intel Core i7,16,1000,14.0,0,1989.01
152,1,MSI,Summit,Intel Core i7,16,1000,14.0,1,1749.82
153,1,MSI,Raider,Intel Core i7,32,1000,17.0,0,3699.0
154,1,MSI,Stealth,Intel Core i7,16,1000,14.0,0,2159.0
155,1,MSI,Creator,Intel Core i7,32,1000,16.0,0,1699.01
156,1,MSI,Summit,Intel Core i7,32,1000,16.0,1,2099.0
158,1,Dell,Vostro,Intel Core i7,16,512,15.6,0,997.79
159,1,HP,250,Intel Core i7,16,512,15.6,0,824.0
160,1,MSI,Raider,Intel Core i7,32,1000,17.0,0,2999.0
161,1,Lenovo,ThinkBook,Intel Core i7,16,1000,15.6,0,1219.0
162,1,Lenovo,ThinkPad,Intel Core i7,16,512,15.6,0,1395.0
163,1,HP,Omen,Intel Core i7,32,1000,17.3,0,2999.01
164,1,Acer,ConceptD,Intel Core i7,16,512,16.0,0,1799.0
165,1,Acer,Predator,Intel Core i7,16,1000,17.3,0,1799.0
166,1,Acer,Chromebook,Intel Core i7,16,256,16.0,0,1139.01
167,1,MSI,Creator,Intel Core i7,16,1000,16.0,0,1980.2
168,1,MSI,Creator,Intel Core i7,16,1000,16.0,0,1772.43
169,1,MSI,Creator,Intel Core i7,32,1000,16.0,0,2707.44
170,1,MSI,Katana,Intel Core i7,16,1000,17.3,0,1999.0
171,1,Asus,ExpertBook,Intel Core i7,16,512,15.6,0,800.0
172,1,MSI,Creator,Intel Core i7,16,1000,16.0,0,1499.0
173,1,HP,ProBook,Intel Core i7,16,1000,15.6,0,1312.0
174,1,HP,Victus,Intel Core i7,8,512,16.1,0,1329.51
175,1,MSI,Modern,Intel Core i7,16,1000,14.0,0,1149.0
176,1,HP,250,Intel Core i7,16,512,15.6,0,786.14
177,1,MSI,Prestige,Intel Core i7,32,1000,16.0,0,1929.01
178,1,HP,Omen,Intel Core i7,32,1000,17.3,0,1699.01
179,1,Asus,ExpertBook,Intel Core i7,16,512,15.6,0,884.99
180,0,HP,EliteBook,Intel Core i7,16,512,14.0,0,588.0
181,1,Acer,ConceptD,Intel Core i7,16,1000,16.0,0,1899.0
182,1,Lenovo,V15,Intel Core i7,16,512,15.6,0,969.0
183,1,Lenovo,ThinkPad,Intel Core i7,16,512,15.6,0,2039.0
184,1,Asus,ExpertBook,Intel Core i7,16,512,15.6,0,860.0
185,0,Acer,Predator,Intel Core i7,32,1000,17.3,0,1417.19
186,1,Asus,ExpertBook,Intel Core i7,16,512,14.0,0,800.0
187,0,Apple,MacBook Pro,Intel Core i7,16,512,16.0,0,1093.69
188,1,Asus,TUF,Intel Core i7,16,512,15.6,0,1481.63
189,1,MSI,Katana,Intel Core i7,16,1000,15.6,0,1199.0
191,1,Razer,Blade,Intel Core i7,16,1000,17.3,0,3500.0
192,1,Razer,Blade,Intel Core i7,32,1000,15.6,0,4099.0
193,1,Asus,VivoBook,Intel Core i7,16,512,15.6,0,755.0
194,1,Asus,VivoBook,Intel Core i7,16,512,14.0,0,789.0
195,1,Asus,TUF,Intel Core i7,16,512,15.6,0,909.99
196,1,HP,15S,Intel Core i7,8,512,15.6,0,730.01
197,1,Lenovo,ThinkPad,Intel Core i7,16,512,13.3,0,1333.57
198,1,Microsoft,Surface Laptop,Intel Core i7,16,512,14.4,1,2199.01
200,1,Acer,Aspire,Intel Core i7,8,512,15.6,0,1249.01
201,1,Lenovo,ThinkBook,Intel Core i7,16,512,15.6,0,1199.0
202,1,Asus,VivoBook,Intel Core i7,8,512,15.6,0,628.04
203,1,LG,Gram,Intel Core i7,16,512,17.0,0,1859.01
204,1,MSI,Prestige,Intel Core i7,32,1000,15.6,0,1999.0
205,1,Lenovo,ThinkPad,Intel Core i7,16,512,15.6,0,1405.19
206,1,Asus,VivoBook,Intel Core i7,8,512,15.6,0,849.0
207,0,MSI,Prestige,Intel Core i7,16,512,13.3,0,867.53
208,1,Acer,ConceptD,Intel Core i7,16,1000,16.0,0,1471.61
210,1,HP,250,Intel Core i7,16,512,15.6,0,1057.0
211,1,MSI,Pulse,Intel Core i7,16,1000,17.3,0,2303.1
212,1,Microsoft,Surface Laptop,Intel Core i7,32,2000,14.4,1,3199.0
213,1,Acer,Predator,Intel Core i7,32,1000,16.0,0,2739.0
214,1,HP,Zbook,Intel Core i7,16,512,16.0,0,1627.0
215,1,Lenovo,ThinkPad,Intel Core i7,16,512,14.0,0,1515.0
216,1,HP,ProBook,Intel Core i7,16,1000,14.0,0,1214.49
218,1,LG,Gram,Intel Core i7,32,512,17.0,0,2209.0
219,1,Lenovo,ThinkBook,Intel Core i7,16,512,15.6,0,1196.97
220,0,Apple,MacBook Pro,Intel Core i7,16,512,15.4,0,977.08
222,1,MSI,Creator,Intel Core i7,32,1000,16.0,1,4399.0
223,1,Acer,ConceptD,Intel Core i7,16,1000,15.6,1,2206.1
224,1,MSI,Stealth,Intel Core i7,32,1000,15.6,0,2184.41
225,1,Asus,VivoBook,Intel Core i7,8,512,15.6,0,635.01
226,1,Dell,Latitude,Intel Core i7,16,512,14.0,0,1433.0
227,1,Asus,VivoBook,Intel Core i7,16,512,15.6,0,883.19
228,1,Lenovo,ThinkBook,Intel Core i7,16,512,14.0,1,1473.83
229,1,Dell,Vostro,Intel Core i7,16,512,14.0,0,1064.0
230,0,LG,Gram,Intel Core i7,16,1000,16.0,1,1999.0
231,0,Gigabyte,Aorus,Intel Core i7,16,1000,15.6,0,1599.0
233,0,Lenovo,ThinkPad,Intel Core i7,16,1000,14.0,0,818.0
234,1,MSI,Creator,Intel Core i7,32,1000,16.0,0,2102.18
235,1,Asus,VivoBook,Intel Core i7,8,512,16.0,0,599.99
236,0,MSI,Modern,Intel Core i7,16,1000,15.6,0,1199.0
237,1,HP,15S,Intel Core i7,16,512,15.6,0,695.5
238,1,MSI,Stealth,Intel Core i7,32,1000,14.0,0,2699.0
239,0,MSI,Creator,Intel Core i7,16,1000,16.0,0,1749.0
240,1,Dell,Latitude,Intel Core i7,16,512,14.0,0,999.0
241,1,MSI,Summit,Intel Core i7,32,1000,13.4,1,1899.0
242,1,HP,15S,Intel Core i7,8,512,15.6,0,630.72
243,0,MSI,Modern,Intel Core i7,16,1000,15.6,0,1049.0
244,1,Acer,ConceptD,Intel Core i7,16,1000,14.0,0,1899.0
245,1,MSI,Pulse,Intel Core i7,16,1000,15.6,0,2099.0
246,1,Razer,Blade,Intel Core i7,16,1000,15.6,0,2800.0
247,1,Razer,Blade,Intel Core i7,32,1000,17.3,0,4299.99
248,1,HP,Zbook,Intel Core i7,32,1000,16.0,0,2149.4
249,1,Acer,ConceptD,Intel Core i7,32,1000,15.6,1,3691.0
250,1,HP,Zbook,Intel Core i7,32,512,16.0,0,2866.16
251,0,Lenovo,ThinkPad,Intel Core i7,16,512,15.6,0,973.89
252,1,MSI,Pulse,Intel Core i7,32,1000,15.6,0,2217.07
253,1,Dell,Vostro,Intel Core i7,16,512,16.0,0,1092.52
254,1,Lenovo,ThinkPad,Intel Core i7,32,1000,16.0,0,2575.0
255,1,Lenovo,ThinkPad,Intel Core i7,32,1000,17.3,0,3496.86
256,1,MSI,Katana,Intel Core i7,16,1000,17.3,0,1496.56
257,0,MSI,Pulse,Intel Core i7,16,1000,15.6,0,1649.0
258,1,Asus,ExpertBook,Intel Core i7,16,512,15.6,0,950.53
259,0,Asus,ROG,Intel Core i7,32,1000,16.0,0,2599.0
260,1,HP,EliteBook,Intel Core i7,32,1000,16.0,0,1735.35
261,0,Lenovo,ThinkPad,Intel Core i7,8,256,14.0,0,711.95
262,1,MSI,Katana,Intel Core i7,16,1000,17.3,0,1496.56
263,1,Microsoft,Surface Laptop,Intel Core i7,32,1000,14.4,1,2799.0
264,1,Asus,VivoBook,Intel Core i7,8,512,15.6,0,625.0
266,1,Acer,Predator,Intel Core i7,16,1000,15.6,0,1849.0
267,1,Lenovo,ThinkPad,Intel Core i7,16,512,15.6,0,1670.01
268,1,Lenovo,Legion,Intel Core i7,16,512,15.6,0,1830.0
269,1,Lenovo,ThinkPad,Intel Core i7,16,512,15.6,0,2260.99
271,1,Lenovo,ThinkPad,Intel Core i7,16,512,15.6,0,1857.0
272,0,Dell,Vostro,Intel Core i7,16,512,15.6,0,932.15
273,1,Lenovo,ThinkPad,Intel Core i7,16,512,14.0,0,1871.6
274,1,Lenovo,V15,Intel Core i7,8,512,15.6,0,709.0
275,0,Apple,MacBook Pro,Intel Core i7,16,512,16.0,0,1093.69
276,1,Lenovo,Legion,Intel Core i7,32,1000,16.0,0,2199.01
277,1,Dell,Latitude,Intel Core i7,16,512,13.3,0,1266.49
278,1,MSI,Prestige,Intel Core i7,16,1000,16.0,0,1912.01
279,1,HP,15S,Intel Core i7,8,512,15.6,0,734.64
280,1,Lenovo,ThinkBook,Intel Core i7,16,512,13.3,0,1288.19
281,1,Lenovo,V15,Intel Core i7,8,512,15.6,0,903.3
282,1,Dell,Latitude,Intel Core i7,16,512,15.6,0,1334.21
283,1,Lenovo,ThinkBook,Intel Core i7,16,512,16.0,0,1233.38
284,1,Lenovo,ThinkPad,Intel Core i7,32,1000,14.0,0,2539.0
285,1,MSI,Katana,Intel Core i7,16,1000,17.3,0,1927.84
286,1,Lenovo,V15,Intel Core i7,16,512,15.6,0,930.24
287,0,MSI,Katana,Intel Core i7,32,1000,15.6,0,1899.0
288,1,Asus,TUF,Intel Core i7,16,512,15.6,0,1095.0
289,0,Asus,VivoBook,Intel Core i7,16,512,14.0,0,799.0
290,1,Asus,VivoBook,Intel Core i7,16,512,17.3,0,912.0
291,1,HP,Pavilion,Intel Core i7,16,512,15.6,0,959.93
292,1,HP,Pavilion,Intel Core i7,16,512,14.0,1,1267.58
293,0,Acer,Aspire,Intel Core i7,16,512,15.6,0,586.54
294,0,MSI,Creator,Intel Core i7,32,1000,17.0,1,3099.0
295,0,Acer,Nitro,Intel Core i7,16,512,15.6,0,1299.0
296,0,Acer,Predator,Intel Core i7,16,1000,17.3,0,1498.14
297,0,Acer,Predator,Intel Core i7,16,1000,16.0,0,1106.09
298,0,Apple,MacBook Pro,Intel Core i7,16,256,15.4,0,1118.25
299,0,Asus,TUF,Intel Core i7,16,1000,15.6,0,905.84
300,0,Asus,ZenBook,Intel Core i7,16,512,13.3,1,1299.0
301,0,HP,Omen,Intel Core i7,16,1000,16.1,0,1447.64
302,0,HP,ProBook,Intel Core i7,16,512,13.3,0,1420.98
303,0,MSI,Creator,Intel Core i7,32,1000,17.0,1,4499.0
304,0,MSI,Leopard,Intel Core i7,16,1000,17.3,0,1599.0
305,0,MSI,Modern,Intel Core i7,16,512,15.6,0,807.78
306,0,MSI,Prestige,Intel Core i7,16,1000,14.0,0,1649.0
307,0,MSI,Prestige,Intel Core i7,16,512,14.0,0,1399.0
308,0,MSI,Stealth,Intel Core i7,32,1000,15.6,0,1322.09
309,0,Razer,Blade,Intel Core i7,32,1000,15.6,0,4099.99
310,1,Microsoft,Surface Pro,Intel Core i7,32,1000,12.3,1,2014.58
311,0,Asus,VivoBook,Intel Core i7,16,512,15.6,0,899.0
312,0,Acer,Predator,Intel Core i7,16,1000,15.6,0,1999.0
313,0,Apple,MacBook Pro,Intel Core i7,16,512,15.0,0,987.15
314,0,Asus,ZenBook,Intel Core i7,16,512,14.0,0,849.0
315,0,Gigabyte,Aorus,Intel Core i7,16,1000,17.3,0,2399.0
316,0,HP,EliteBook,Intel Core i7,16,512,14.0,0,1255.73
317,0,HP,EliteBook,Intel Core i7,16,512,15.6,0,1654.05
318,0,Lenovo,ThinkPad,Intel Core i7,16,512,14.0,0,794.99
319,0,MSI,Katana,Intel Core i7,16,1000,17.3,0,1599.0
320,0,MSI,Prestige,Intel Core i7,16,1000,14.0,0,1278.99
321,0,MSI,Prestige,Intel Core i7,16,512,15.6,0,1399.0
322,0,MSI,Prestige,Intel Core i7,32,1000,16.0,0,1375.14
323,0,MSI,Raider,Intel Core i7,32,1000,15.6,0,3799.0
324,0,Razer,Blade,Intel Core i7,16,1000,15.6,0,3299.99
325,1,HP,Omen,Intel Core i7,16,1000,16.1,0,1887.39
326,1,HP,250,Intel Core i7,16,512,15.6,0,1078.0
327,1,Asus,Chromebook,Intel Core i7,8,256,14.0,0,918.0
328,1,Asus,ExpertBook,Intel Core i7,16,512,16.0,1,2499.0
329,1,Asus,ExpertBook,Intel Core i7,16,512,14.0,1,2409.49
330,1,Asus,ExpertBook,Intel Core i7,16,512,14.0,1,1902.0
331,1,Asus,ExpertBook,Intel Core i7,16,512,15.6,0,937.54
332,1,Asus,ExpertBook,Intel Core i7,16,1000,14.0,0,1759.0
333,1,Asus,F515,Intel Core i7,8,512,15.6,0,942.08
336,1,Asus,TUF,Intel Core i7,16,512,15.6,0,1265.01
337,1,Asus,VivoBook,Intel Core i7,8,512,15.6,0,568.19
338,1,Asus,VivoBook,Intel Core i7,16,512,16.0,0,1745.11
339,1,Asus,ZenBook,Intel Core i7,16,512,13.3,1,1238.18
340,1,Acer,Aspire,Intel Core i7,8,512,15.6,0,706.2
341,1,Acer,ConceptD,Intel Core i7,16,512,14.0,1,2461.21
342,1,Acer,ConceptD,Intel Core i7,16,1000,14.0,1,2516.82
343,1,Acer,ConceptD,Intel Core i7,16,1000,14.0,0,2119.0
345,1,Acer,ConceptD,Intel Core i7,32,1000,15.6,1,2595.0
346,1,Dell,Latitude,Intel Core i7,8,512,13.3,0,1259.59
347,1,Dell,Latitude,Intel Core i7,8,256,14.0,0,1177.9
348,1,Dell,Latitude,Intel Core i7,16,512,15.6,0,1383.44
349,1,Dell,Latitude,Intel Core i7,16,512,14.0,0,1637.09
350,1,Dell,Latitude,Intel Core i7,16,512,15.6,0,2033.25
351,1,Dell,Latitude,Intel Core i7,16,512,15.6,0,1715.18
356,1,Gigabyte,Aero,Intel Core i7,16,1000,15.6,0,2835.19
357,1,Gigabyte,Aero,Intel Core i7,16,2000,16.0,0,2317.0
358,1,Gigabyte,Aero,Intel Core i7,16,2000,17.3,0,2228.59
359,1,Gigabyte,Aorus,Intel Core i7,16,1000,15.6,0,2299.0
360,1,Gigabyte,Aorus,Intel Core i7,16,1000,15.6,0,2511.0
361,1,Gigabyte,Aorus,Intel Core i7,16,512,17.3,0,1552.82
362,1,Gigabyte,Aorus,Intel Core i7,16,1000,17.3,0,2532.38
363,1,Gigabyte,Aorus,Intel Core i7,16,512,15.6,0,1878.04
364,1,HP,15S,Intel Core i7,8,512,15.6,0,734.64
365,1,HP,15S,Intel Core i7,8,512,15.6,0,901.0
366,1,HP,15S,Intel Core i7,8,512,15.6,0,628.96
367,1,HP,15S,Intel Core i7,8,512,15.6,0,716.14
369,1,HP,EliteBook,Intel Core i7,32,1000,14.0,0,2502.66
370,1,HP,Omen,Intel Core i7,16,1000,16.1,0,1627.74
371,1,HP,Pavilion,Intel Core i7,16,512,14.0,1,1205.0
372,1,HP,Victus,Intel Core i7,16,512,16.1,0,1220.78
373,1,HP,Victus,Intel Core i7,16,512,16.1,0,1301.0
374,1,HP,Victus,Intel Core i7,16,512,16.1,0,1192.98
375,1,HP,Zbook,Intel Core i7,16,512,14.0,0,1778.0
376,1,HP,Zbook,Intel Core i7,16,512,14.0,0,1997.09
377,1,HP,Zbook,Intel Core i7,16,512,14.0,0,1800.03
378,1,HP,Zbook,Intel Core i7,16,512,16.0,0,1800.03
379,1,HP,Zbook,Intel Core i7,16,512,14.0,0,2484.11
380,0,HP,Zbook,Intel Core i7,16,512,16.0,0,3697.02
381,1,HP,Zbook,Intel Core i7,32,1000,16.0,0,4842.43
382,1,HP,Zbook,Intel Core i7,16,512,15.6,0,2008.81
383,1,HP,Zbook,Intel Core i7,16,512,15.6,0,5368.77
384,1,HP,Zbook,Intel Core i7,32,512,16.0,0,3637.71
385,1,HP,Zbook,Intel Core i7,32,1000,16.0,0,3777.49
386,1,LG,Gram,Intel Core i7,16,512,16.0,0,1720.54
387,1,LG,Gram,Intel Core i7,16,512,17.0,0,1646.46
388,1,Lenovo,IdeaPad,Intel Core i7,16,512,15.6,0,1098.99
389,1,Lenovo,Legion,Intel Core i7,16,1000,15.6,0,2328.0
390,1,Lenovo,Legion,Intel Core i7,16,512,15.6,0,2389.0
391,1,Lenovo,Legion,Intel Core i7,16,1000,16.0,0,1944.0
392,1,Lenovo,Legion,Intel Core i7,32,1000,16.0,0,2417.0
393,1,Lenovo,ThinkBook,Intel Core i7,16,512,14.0,0,1357.0
394,0,Lenovo,ThinkBook,Intel Core i7,16,512,15.6,0,1036.62
395,1,Lenovo,ThinkBook,Intel Core i7,32,1000,17.3,1,2858.0
396,1,Lenovo,ThinkPad,Intel Core i7,16,512,14.0,0,1555.46
397,1,Lenovo,ThinkPad,Intel Core i7,16,512,15.6,0,1354.18
398,1,Lenovo,ThinkPad,Intel Core i7,16,1000,16.0,0,4138.67
399,1,Lenovo,ThinkPad,Intel Core i7,16,512,14.0,0,2175.0
400,1,Lenovo,ThinkPad,Intel Core i7,16,512,15.6,0,2048.0
401,1,Lenovo,ThinkPad,Intel Core i7,16,512,16.0,0,3327.92
402,1,Lenovo,ThinkPad,Intel Core i7,16,512,16.0,0,2132.04
403,1,Lenovo,ThinkPad,Intel Core i7,16,512,17.3,0,2577.98
404,1,Lenovo,ThinkPad,Intel Core i7,32,1000,14.0,0,2671.99
405,1,Lenovo,ThinkPad,Intel Core i7,16,512,15.6,0,1506.99
406,1,Lenovo,ThinkPad,Intel Core i7,16,2000,15.6,0,1795.0
407,1,Lenovo,ThinkPad,Intel Core i7,16,1000,13.0,0,1959.57
408,1,Lenovo,ThinkPad,Intel Core i7,16,512,15.6,0,1999.4
409,1,Lenovo,V15,Intel Core i7,8,512,15.6,0,661.77
410,1,Lenovo,Yoga,Intel Core i7,16,1000,14.0,0,2074.68
411,1,MSI,Katana,Intel Core i7,16,1000,15.6,0,1230.27
412,1,MSI,Katana,Intel Core i7,16,1000,15.6,0,2199.31
413,1,MSI,Katana,Intel Core i7,16,512,15.6,0,1499.95
414,1,MSI,Katana,Intel Core i7,16,512,17.3,0,2303.34
415,1,MSI,Modern,Intel Core i7,16,512,15.6,0,1214.16
416,1,MSI,Prestige,Intel Core i7,16,1000,14.0,0,1731.99
417,1,MSI,Raider,Intel Core i7,32,1000,17.0,0,3864.4
418,0,MSI,Stealth,Intel Core i7,16,1000,15.6,0,1799.0
419,1,MSI,Stealth,Intel Core i7,32,1000,17.3,0,3664.04
420,1,MSI,Summit,Intel Core i7,32,1000,14.0,0,1708.96
421,0,MSI,Summit,Intel Core i7,32,1000,16.0,1,2299.0
423,1,Microsoft,Surface Laptop,Intel Core i7,8,512,15.0,1,1251.19
424,1,Microsoft,Surface Laptop,Intel Core i7,16,512,14.4,1,2264.55
425,1,Microsoft,Surface Pro,Intel Core i7,16,256,12.3,0,1649.0
426,1,Microsoft,Surface Pro,Intel Core i7,16,512,12.3,0,2099.0
427,1,Microsoft,Surface Pro,Intel Core i7,16,256,13.0,1,1724.99
428,1,Razer,Blade,Intel Core i7,16,1000,17.3,0,3099.98
429,0,Asus,F515,Intel Core i7,16,512,15.6,0,749.0
430,0,Asus,TUF,Intel Core i7,32,1000,17.3,0,1799.0
431,0,Acer,Aspire,Intel Core i7,8,512,15.6,0,475.83
432,0,Acer,Aspire,Intel Core i7,8,512,15.6,0,590.88
433,0,Acer,ConceptD,Intel Core i7,16,512,16.0,0,1899.0
434,0,Acer,Extensa,Intel Core i7,8,512,15.6,0,423.58
435,0,Acer,Nitro,Intel Core i7,16,512,15.6,0,675.24
436,0,Acer,Nitro,Intel Core i7,16,512,15.6,0,885.94
437,0,Acer,Nitro,Intel Core i7,16,512,15.6,0,1199.0
438,0,Acer,Nitro,Intel Core i7,16,1000,15.6,0,1599.0
439,0,Acer,Nitro,Intel Core i7,16,1000,17.3,0,966.04
440,0,Acer,Predator,Intel Core i7,16,1000,15.6,0,914.64
441,0,Acer,Predator,Intel Core i7,16,1000,15.6,0,1098.29
442,0,Acer,Predator,Intel Core i7,32,1000,15.6,0,1344.69
443,0,Acer,Predator,Intel Core i7,32,1000,16.0,0,1751.09
444,0,Apple,MacBook Pro,Intel Core i7,16,256,15.4,0,1118.25
445,0,Apple,MacBook Pro,Intel Core i7,16,1000,13.3,0,1632.5
446,0,Asus,F515,Intel Core i7,8,512,15.6,0,699.0
447,0,Asus,ROG,Intel Core i7,16,512,15.6,0,1106.34
448,0,Asus,ROG,Intel Core i7,32,1000,17.3,0,1792.89
449,0,Asus,ROG,Intel Core i7,16,1000,15.6,0,880.19
450,0,Asus,ROG,Intel Core i7,16,1000,15.6,0,856.24
451,0,Asus,ROG,Intel Core i7,16,512,15.6,0,815.44
452,0,Asus,ROG,Intel Core i7,32,1000,17.3,0,1465.79
453,0,Asus,ROG,Intel Core i7,32,1000,17.3,0,1571.74
454,0,Asus,ROG,Intel Core i7,16,512,15.6,0,1067.29
455,0,Asus,ROG,Intel Core i7,16,1000,15.6,0,1271.09
456,0,Asus,ROG,Intel Core i7,16,512,17.3,0,1648.69
457,0,Asus,TUF,Intel Core i7,16,512,15.6,0,942.84
458,0,Asus,TUF,Intel Core i7,16,1000,15.6,0,830.39
459,0,Asus,TUF,Intel Core i7,16,1000,15.6,0,652.19
460,0,Asus,TUF,Intel Core i7,16,512,15.6,0,606.09
461,0,Asus,TUF,Intel Core i7,16,512,15.6,0,794.74
462,0,Asus,VivoBook,Intel Core i7,12,512,15.6,0,799.0
463,0,Asus,VivoBook,Intel Core i7,16,512,14.0,0,799.0
464,0,Asus,VivoBook,Intel Core i7,16,512,15.6,0,799.0
465,0,Asus,VivoBook,Intel Core i7,16,512,14.0,0,999.0
466,0,Asus,ZenBook,Intel Core i7,16,512,14.0,0,849.0
467,0,Asus,ZenBook,Intel Core i7,16,512,14.0,0,950.0
468,0,Asus,ZenBook,Intel Core i7,16,512,14.0,0,849.0
470,0,Gigabyte,Aero,Intel Core i7,16,512,15.6,0,1333.69
471,0,Gigabyte,Aero,Intel Core i7,16,1000,15.6,0,1183.28
472,0,Gigabyte,Aero,Intel Core i7,16,512,15.6,0,1128.54
473,0,Gigabyte,Aero,Intel Core i7,16,512,15.6,0,1110.94
474,0,Gigabyte,Aero,Intel Core i7,16,1000,15.6,0,1899.0
475,0,Gigabyte,Aero,Intel Core i7,32,1000,15.6,0,1557.69
476,0,Gigabyte,Aero,Intel Core i7,16,512,15.6,0,1605.19
477,0,Gigabyte,Aero,Intel Core i7,16,512,15.6,0,1263.99
478,0,Gigabyte,Aero,Intel Core i7,16,512,17.3,0,2257.84
479,0,Gigabyte,Aorus,Intel Core i7,16,512,15.6,0,808.49
480,0,Gigabyte,Aorus,Intel Core i7,16,512,15.6,0,966.14
481,0,Gigabyte,Aorus,Intel Core i7,16,512,15.6,0,1045.94
482,0,Gigabyte,Aorus,Intel Core i7,16,512,15.6,0,935.69
483,0,Gigabyte,Aorus,Intel Core i7,16,512,15.6,0,1043.24
484,0,Gigabyte,Aorus,Intel Core i7,16,1000,15.6,0,1599.0
485,0,Gigabyte,Aorus,Intel Core i7,32,512,15.6,0,1300.94
486,0,Gigabyte,Aorus,Intel Core i7,16,1000,15.6,0,1699.0
487,0,Gigabyte,Aorus,Intel Core i7,16,1000,15.6,0,1304.79
488,0,Gigabyte,Aorus,Intel Core i7,32,1000,17.3,0,3099.0
489,0,Gigabyte,Aorus,Intel Core i7,32,512,17.3,0,1478.39
490,0,Gigabyte,Aorus,Intel Core i7,16,1000,15.6,0,1699.0
491,0,Gigabyte,Aorus,Intel Core i7,16,512,15.6,0,835.24
492,0,HP,EliteBook,Intel Core i7,8,512,15.6,0,1654.05
493,0,HP,EliteBook,Intel Core i7,16,512,13.3,0,1943.51
494,0,HP,EliteBook,Intel Core i7,8,256,14.0,0,538.0
495,0,HP,EliteBook,Intel Core i7,16,512,14.0,0,1689.06
496,0,HP,EliteBook,Intel Core i7,16,512,15.6,0,1889.25
497,0,HP,Omen,Intel Core i7,8,1000,15.6,0,784.69
498,0,HP,Omen,Intel Core i7,16,1000,16.1,0,1499.0
499,0,HP,Omen,Intel Core i7,32,1000,16.1,0,1198.64
500,0,HP,Omen,Intel Core i7,32,1000,17.3,0,1297.04
501,0,HP,Omen,Intel Core i7,32,1000,17.3,0,1606.44
502,0,HP,Omen,Intel Core i7,16,1000,15.6,0,911.84
503,0,HP,Pavilion,Intel Core i7,16,512,16.1,0,641.14
504,0,HP,Pavilion,Intel Core i7,16,512,16.1,0,711.94
505,0,HP,Pavilion,Intel Core i7,8,512,17.3,0,663.38
506,0,HP,ProBook,Intel Core i7,16,512,15.6,0,1603.1
507,0,HP,Zbook,Intel Core i7,16,512,14.0,0,1619.46
508,0,HP,Zbook,Intel Core i7,16,512,15.6,0,2677.83
509,0,HP,Zbook,Intel Core i7,16,512,15.6,0,3848.01
511,0,LG,Gram,Intel Core i7,32,1000,17.0,0,1424.19
512,0,Lenovo,IdeaPad,Intel Core i7,16,512,15.6,0,866.86
513,0,Lenovo,IdeaPad,Intel Core i7,8,512,15.6,0,934.24
514,0,Lenovo,IdeaPad,Intel Core i7,8,512,14.0,1,899.0
515,0,Lenovo,IdeaPad,Intel Core i7,16,512,15.6,0,899.0
516,0,Lenovo,IdeaPad,Intel Core i7,8,256,15.6,0,501.99
517,0,Lenovo,Legion,Intel Core i7,16,512,15.6,0,1475.51
518,0,Lenovo,Legion,Intel Core i7,32,1000,15.6,0,1799.0
519,0,Lenovo,Legion,Intel Core i7,16,1000,16.0,0,2326.78
520,0,Lenovo,Legion,Intel Core i7,16,256,15.6,0,875.54
521,0,Lenovo,Legion,Intel Core i7,16,512,15.6,0,860.79
522,0,Lenovo,ThinkPad,Intel Core i7,8,256,15.6,0,735.92
523,0,Lenovo,ThinkPad,Intel Core i7,8,256,14.0,0,1199.0
524,0,Lenovo,ThinkPad,Intel Core i7,8,256,15.6,0,877.63
525,0,Lenovo,ThinkPad,Intel Core i7,8,256,14.0,0,767.75
526,0,Lenovo,ThinkPad,Intel Core i7,8,256,14.0,0,847.12
527,0,Lenovo,ThinkPad,Intel Core i7,16,512,14.0,0,898.84
528,0,Lenovo,ThinkPad,Intel Core i7,8,512,14.0,0,587.32
529,0,Lenovo,ThinkPad,Intel Core i7,16,512,16.0,0,2228.08
530,0,Lenovo,ThinkPad,Intel Core i7,16,512,14.0,1,999.0
531,0,Lenovo,V15,Intel Core i7,16,512,15.6,0,786.14
532,0,Lenovo,Yoga,Intel Core i7,16,512,15.6,0,786.84
533,0,Lenovo,Yoga,Intel Core i7,16,1000,14.0,0,1999.0
534,0,MSI,Creator,Intel Core i7,32,1000,15.6,1,1414.04
535,0,MSI,Creator,Intel Core i7,32,1000,15.6,0,1592.89
536,0,MSI,Creator,Intel Core i7,32,1000,17.3,0,2059.49
537,0,MSI,Creator,Intel Core i7,16,512,15.6,0,1399.0
538,0,MSI,Creator,Intel Core i7,32,1000,17.0,1,3449.0
539,0,MSI,Creator,Intel Core i7,32,1000,16.0,0,2149.0
540,0,MSI,Creator,Intel Core i7,16,1000,16.0,0,1999.0
541,0,MSI,Creator,Intel Core i7,32,1000,16.0,1,2699.0
543,0,MSI,Raider,Intel Core i7,32,1000,15.6,0,1746.33
544,0,MSI,Raider,Intel Core i7,32,1000,15.6,0,1283.43
545,0,MSI,Raider,Intel Core i7,32,1000,15.6,0,1366.34
546,0,MSI,Raider,Intel Core i7,32,1000,15.6,0,1960.24
547,0,MSI,Raider,Intel Core i7,32,1000,15.6,0,2115.19
548,0,MSI,Raider,Intel Core i7,32,1000,15.6,0,1889.29
549,0,MSI,Raider,Intel Core i7,32,1000,17.3,0,1717.18
550,0,MSI,Raider,Intel Core i7,32,1000,17.3,0,2429.64
551,0,MSI,Raider,Intel Core i7,32,1000,17.3,0,2243.18
552,0,MSI,Thin,Intel Core i7,16,512,15.6,0,736.49
553,0,MSI,Thin,Intel Core i7,16,512,15.6,0,646.73
554,0,MSI,Thin,Intel Core i7,16,512,15.6,0,739.38
555,0,MSI,Thin,Intel Core i7,16,512,15.6,0,806.28
556,0,MSI,Thin,Intel Core i7,16,512,17.3,0,998.69
557,0,MSI,Thin,Intel Core i7,16,512,17.3,0,877.09
559,0,MSI,Leopard,Intel Core i7,16,1000,15.6,0,1043.94
560,0,MSI,Leopard,Intel Core i7,16,512,15.6,0,861.99
561,0,MSI,Leopard,Intel Core i7,16,1000,15.6,0,901.09
563,0,MSI,Leopard,Intel Core i7,16,1000,17.3,0,1073.34
564,0,MSI,Leopard,Intel Core i7,16,1000,17.3,0,1007.59
565,0,MSI,Leopard,Intel Core i7,16,1000,17.3,0,958.04
566,0,MSI,Leopard,Intel Core i7,16,512,15.6,0,1182.53
567,0,MSI,Leopard,Intel Core i7,16,1000,15.6,0,1086.64
568,0,MSI,Leopard,Intel Core i7,16,1000,15.6,0,1022.79
569,0,MSI,Leopard,Intel Core i7,32,1000,15.6,0,1949.0
570,0,MSI,Leopard,Intel Core i7,16,1000,17.3,0,1092.48
571,0,MSI,Leopard,Intel Core i7,16,1000,17.3,0,1283.54
572,0,MSI,Leopard,Intel Core i7,16,1000,17.3,0,1979.0
573,0,MSI,Leopard,Intel Core i7,16,1000,17.3,0,1999.0
574,0,MSI,Stealth,Intel Core i7,16,512,15.6,0,1430.18
575,0,MSI,Stealth,Intel Core i7,32,1000,15.6,0,1659.24
576,0,MSI,Stealth,Intel Core i7,32,1000,15.6,0,2256.03
577,0,MSI,Stealth,Intel Core i7,32,1000,17.3,0,1196.48
578,0,MSI,Stealth,Intel Core i7,32,2000,17.3,0,2067.84
581,0,MSI,Katana,Intel Core i7,16,1000,15.6,0,916.94
582,0,MSI,Katana,Intel Core i7,16,1000,15.6,0,1699.0
583,0,MSI,Katana,Intel Core i7,8,512,15.6,0,1469.0
584,0,MSI,Katana,Intel Core i7,16,512,15.6,0,1071.44
585,0,MSI,Katana,Intel Core i7,16,1000,15.6,0,1749.0
586,0,MSI,Katana,Intel Core i7,16,512,15.6,0,1499.0
587,0,MSI,Katana,Intel Core i7,16,512,17.3,0,1549.0
588,0,MSI,Modern,Intel Core i7,32,1000,14.0,0,840.84
589,0,MSI,Modern,Intel Core i7,16,1000,14.0,0,899.99
590,0,MSI,Modern,Intel Core i7,16,512,14.0,0,649.0
591,0,MSI,Modern,Intel Core i7,16,1000,14.0,0,711.94
592,0,MSI,Modern,Intel Core i7,16,1000,14.0,0,644.39
593,0,MSI,Modern,Intel Core i7,16,512,14.0,0,999.0
594,0,MSI,Modern,Intel Core i7,16,1000,14.0,0,1449.0
595,0,MSI,Modern,Intel Core i7,16,512,14.0,0,676.79
596,0,MSI,Modern,Intel Core i7,32,1000,14.0,0,997.74
597,0,MSI,Modern,Intel Core i7,16,1000,15.6,0,665.74
598,0,MSI,Modern,Intel Core i7,16,1000,15.6,0,712.99
599,0,MSI,Modern,Intel Core i7,32,1000,15.6,0,1399.0
600,0,MSI,Modern,Intel Core i7,32,1000,15.6,0,1123.29
601,0,MSI,Creator,Intel Core i7,32,1000,15.6,0,1764.19
602,0,MSI,Prestige,Intel Core i7,16,1000,14.0,0,1124.79
603,0,MSI,Prestige,Intel Core i7,16,1000,14.0,0,1599.0
604,0,MSI,Prestige,Intel Core i7,16,512,14.0,0,843.14
605,0,MSI,Prestige,Intel Core i7,16,512,14.0,0,1349.0
606,0,MSI,Prestige,Intel Core i7,16,1000,14.0,0,1499.0
607,0,MSI,Prestige,Intel Core i7,16,512,14.0,0,1149.0
608,0,MSI,Prestige,Intel Core i7,16,512,15.6,0,789.19
609,0,MSI,Prestige,Intel Core i7,16,1000,15.6,0,1022.39
610,0,MSI,Prestige,Intel Core i7,32,1000,15.6,0,1014.54
611,0,MSI,Prestige,Intel Core i7,32,1000,15.6,0,1014.19
612,0,MSI,Prestige,Intel Core i7,16,512,15.6,0,1529.0
613,0,MSI,Prestige,Intel Core i7,32,1000,15.6,0,1040.54
614,0,MSI,Prestige,Intel Core i7,32,1000,15.6,0,1599.0
615,0,MSI,Pulse,Intel Core i7,16,1000,15.6,0,1599.0
616,0,MSI,Pulse,Intel Core i7,16,1000,15.6,0,1799.0
617,0,MSI,Pulse,Intel Core i7,16,1000,15.6,0,1899.0
618,0,MSI,Pulse,Intel Core i7,16,1000,15.6,0,2099.0
619,0,MSI,Pulse,Intel Core i7,32,1000,17.3,0,1138.23
620,0,MSI,Pulse,Intel Core i7,16,1000,17.3,0,1334.69
621,0,MSI,Pulse,Intel Core i7,16,1000,17.3,0,1699.0
622,0,MSI,Pulse,Intel Core i7,16,1000,17.3,0,1899.0
623,0,MSI,Pulse,Intel Core i7,16,1000,17.3,0,1999.0
624,0,MSI,Pulse,Intel Core i7,16,1000,17.3,0,2199.0
625,0,MSI,Raider,Intel Core i7,32,1000,15.6,0,2099.0
626,0,MSI,Raider,Intel Core i7,32,1000,15.6,0,2799.0
627,0,MSI,Raider,Intel Core i7,32,1000,15.6,0,2999.0
628,0,MSI,Raider,Intel Core i7,32,1000,17.3,0,2749.0
629,0,MSI,Raider,Intel Core i7,32,1000,17.3,0,3699.0
630,0,MSI,Raider,Intel Core i7,32,1000,17.3,0,3799.0
631,0,MSI,Stealth,Intel Core i7,16,1000,15.6,0,825.64
632,0,MSI,Stealth,Intel Core i7,16,1000,15.6,0,921.04
633,0,MSI,Stealth,Intel Core i7,32,1000,15.6,0,1749.0
634,0,MSI,Stealth,Intel Core i7,16,1000,17.3,0,1749.0
635,0,MSI,Stealth,Intel Core i7,32,1000,15.6,0,3199.0
636,0,MSI,Stealth,Intel Core i7,32,1000,15.6,0,3699.0
637,0,MSI,Stealth,Intel Core i7,32,1000,17.3,0,3249.0
638,0,MSI,Summit,Intel Core i7,32,1000,13.4,1,1699.0
639,0,MSI,Summit,Intel Core i7,32,1000,14.0,1,1582.84
640,0,MSI,Summit,Intel Core i7,16,1000,14.0,0,1234.33
641,0,MSI,Summit,Intel Core i7,32,1000,15.6,1,1320.09
645,0,Microsoft,Surface Pro,Intel Core i7,16,512,12.3,0,899.01
646,0,Microsoft,Surface Pro,Intel Core i7,16,1000,12.3,0,1776.79
647,0,Microsoft,Surface Pro,Intel Core i7,16,256,12.3,0,1094.03
648,0,Gigabyte,Aero,Intel Core i7,16,512,15.6,0,1048.99
649,0,Razer,Blade,Intel Core i7,32,1000,15.6,0,1848.14
650,0,Razer,Blade,Intel Core i7,16,1000,15.6,0,2899.99
651,1,Razer,Blade,Intel Core i7,16,1000,15.6,0,2866.57
652,0,Razer,Blade,Intel Core i7,16,1000,15.6,0,2499.98
653,0,Razer,Blade,Intel Core i7,16,1000,15.6,0,2899.99
654,0,Razer,Blade,Intel Core i7,32,1000,15.6,0,3299.99
655,0,Razer,Blade,Intel Core i7,32,1000,15.6,0,3399.99
656,0,Razer,Blade,Intel Core i7,16,512,15.6,0,1232.74
657,0,Razer,Blade,Intel Core i7,16,512,15.6,0,1583.39
658,0,Razer,Blade,Intel Core i7,16,1000,17.3,0,2699.99
659,0,Razer,Blade,Intel Core i7,16,1000,17.3,0,2899.99
660,0,Razer,Blade,Intel Core i7,32,1000,17.3,0,3399.99
661,1,Asus,ExpertBook,Intel Core i5,8,512,15.6,0,1009.0
662,1,HP,15S,Intel Core i5,16,512,15.6,0,669.01
663,1,Medion,Akoya,Intel Core i5,8,256,15.6,0,519.0
664,1,HP,15S,Intel Core i5,8,512,15.6,0,699.0
665,1,Lenovo,IdeaPad,Intel Core i5,16,512,15.6,0,799.0
667,1,Asus,TUF,Intel Core i5,16,512,15.6,0,1099.0
668,1,HP,Victus,Intel Core i5,16,512,15.6,0,999.0
669,1,Lenovo,IdeaPad,Intel Core i5,8,512,15.6,0,519.01
670,1,HP,15S,Intel Core i5,16,512,15.6,0,789.0
671,1,Asus,VivoBook,Intel Core i5,8,512,15.6,0,609.0
672,1,Lenovo,IdeaPad,Intel Core i5,16,512,15.6,0,929.0
673,1,Lenovo,ThinkBook,Intel Core i5,8,256,14.0,0,699.0
674,1,Lenovo,V15,Intel Core i5,8,512,15.6,0,779.0
675,1,MSI,Thin,Intel Core i5,16,512,15.6,0,1099.0
676,1,MSI,Prestige,Intel Core i5,16,512,14.0,0,999.0
677,1,Lenovo,ThinkBook,Intel Core i5,8,256,15.6,0,879.0
678,1,HP,Victus,Intel Core i5,16,512,15.6,0,999.0
679,1,Lenovo,IdeaPad,Intel Core i5,8,512,15.6,0,589.0
680,1,Lenovo,ThinkBook,Intel Core i5,8,256,14.0,0,959.0
681,1,HP,Victus,Intel Core i5,16,512,15.6,0,1039.0
682,1,Lenovo,IdeaPad,Intel Core i5,16,512,15.6,0,749.0
683,1,MSI,Modern,Intel Core i5,8,512,15.6,0,599.0
684,1,Asus,TUF,Intel Core i5,16,512,15.6,0,949.0
685,1,Asus,VivoBook,Intel Core i5,16,512,16.0,0,799.0
686,1,Asus,ExpertBook,Intel Core i5,8,256,15.6,0,989.0
687,1,Asus,VivoBook,Intel Core i5,8,512,16.0,0,609.01
688,1,Acer,Aspire,Intel Core i5,16,512,15.6,0,739.01
689,1,Asus,VivoBook,Intel Core i5,16,512,15.6,0,759.01
690,1,Lenovo,IdeaPad,Intel Core i5,16,512,15.6,0,749.0
691,1,Lenovo,IdeaPad,Intel Core i5,8,512,15.6,0,649.0
692,1,Lenovo,ThinkBook,Intel Core i5,16,512,14.0,0,1019.0
693,1,Acer,Aspire,Intel Core i5,8,512,17.3,0,729.0
694,1,HP,ProBook,Intel Core i5,8,256,15.6,0,739.01
695,1,Asus,VivoBook,Intel Core i5,16,512,15.6,0,709.0
696,1,Lenovo,IdeaPad,Intel Core i5,16,512,15.6,0,1059.0
697,1,MSI,Modern,Intel Core i5,16,512,14.0,0,799.0
698,1,Lenovo,V15,Intel Core i5,16,512,15.6,0,699.0
699,1,HP,15S,Intel Core i5,8,512,15.6,0,579.01
700,1,Acer,Aspire,Intel Core i5,8,512,15.6,0,749.0
701,1,Lenovo,IdeaPad,Intel Core i5,16,512,15.6,0,1099.0
702,1,Lenovo,Legion,Intel Core i5,16,512,15.6,0,1319.01
704,1,MSI,Thin,Intel Core i5,16,512,15.6,0,999.0
705,1,Lenovo,IdeaPad,Intel Core i5,16,512,15.6,0,829.01
706,1,MSI,Modern,Intel Core i5,16,512,15.6,0,819.0
707,1,Medion,Akoya,Intel Core i5,8,512,16.1,0,499.0
708,1,Asus,VivoBook,Intel Core i5,16,512,17.3,0,899.0
709,1,Asus,VivoBook,Intel Core i5,8,512,14.0,0,719.01
710,1,Asus,Chromebook,Intel Core i5,8,256,14.0,1,899.0
711,1,Lenovo,ThinkBook,Intel Core i5,16,512,16.0,0,1089.0
712,1,Asus,ExpertBook,Intel Core i5,16,512,15.6,0,799.0
713,1,Acer,Aspire,Intel Core i5,8,512,15.6,0,1209.01
714,1,Lenovo,ThinkBook,Intel Core i5,8,256,14.0,1,1163.02
715,1,Asus,ExpertBook,Intel Core i5,8,256,15.6,0,609.0
716,1,Asus,VivoBook,Intel Core i5,8,512,14.0,1,899.0
717,1,MSI,Modern,Intel Core i5,16,512,14.0,0,699.0
718,1,HP,250,Intel Core i5,16,512,15.6,0,629.01
720,1,Lenovo,V15,Intel Core i5,8,256,15.6,0,499.0
721,1,HP,Pavilion,Intel Core i5,16,512,14.0,0,899.01
722,1,Lenovo,IdeaPad,Intel Core i5,16,512,15.6,0,1029.01
723,1,Lenovo,V15,Intel Core i5,8,512,15.6,0,509.0
724,1,Dell,Vostro,Intel Core i5,8,256,15.6,0,690.15
725,1,Asus,ExpertBook,Intel Core i5,8,256,14.0,1,1179.0
726,1,HP,ProBook,Intel Core i5,8,256,15.6,0,709.0
727,1,Acer,Extensa,Intel Core i5,8,512,15.6,0,450.0
728,0,HP,EliteBook,Intel Core i5,16,512,14.0,0,312.83
729,1,Dell,Latitude,Intel Core i5,8,256,15.6,0,789.0
730,1,HP,250,Intel Core i5,16,512,15.6,0,669.01
731,1,Dell,Vostro,Intel Core i5,16,512,15.6,0,869.0
732,1,MSI,Thin,Intel Core i5,16,512,15.6,0,1199.0
734,0,Lenovo,ThinkPad,Intel Core i5,16,512,14.0,0,635.0
735,1,Asus,ExpertBook,Intel Core i5,16,512,14.0,0,1579.0
736,1,MSI,Thin,Intel Core i5,16,512,15.6,0,1049.0
737,1,Asus,VivoBook,Intel Core i5,8,512,15.6,0,509.0
738,1,Medion,Akoya,Intel Core i5,8,512,15.6,0,669.01
739,1,HP,Pavilion,Intel Core i5,8,512,14.0,1,1149.0
740,1,Asus,TUF,Intel Core i5,16,512,15.6,0,999.0
741,1,Microsoft,Surface Laptop,Intel Core i5,8,256,12.4,1,869.0
742,1,Asus,VivoBook,Intel Core i5,8,512,16.0,0,549.99
744,1,HP,250,Intel Core i5,8,512,15.6,0,559.01
745,1,Asus,VivoBook,Intel Core i5,16,1000,15.6,0,665.0
746,1,Lenovo,IdeaPad,Intel Core i5,16,512,14.0,1,829.01
747,0,Acer,Nitro,Intel Core i5,16,1000,15.6,0,881.13
748,1,Dell,Vostro,Intel Core i5,8,512,15.6,0,738.55
749,1,MSI,Katana,Intel Core i5,16,512,15.6,0,1349.0
750,1,Asus,VivoBook,Intel Core i5,16,512,17.3,0,889.0
752,1,Lenovo,IdeaPad,Intel Core i5,16,512,15.6,0,729.0
753,1,HP,Victus,Intel Core i5,16,512,15.6,0,1049.99
754,1,Asus,VivoBook,Intel Core i5,16,512,15.6,0,615.97
755,0,Apple,MacBook Pro,Intel Core i5,8,256,13.0,0,634.25
756,0,HP,EliteBook,Intel Core i5,16,256,14.0,0,291.69
757,1,Microsoft,Surface Laptop,Intel Core i5,8,128,12.4,1,769.0
758,1,HP,250,Intel Core i5,16,512,15.6,0,609.01
759,1,MSI,Modern,Intel Core i5,8,512,15.6,0,799.0
760,1,Lenovo,V15,Intel Core i5,8,256,15.6,0,461.32
761,0,Lenovo,ThinkPad,Intel Core i5,16,256,14.0,0,574.0
762,1,LG,Gram,Intel Core i5,16,512,14.0,0,1149.0
763,1,Lenovo,ThinkPad,Intel Core i5,8,256,15.6,0,1174.99
764,1,HP,15S,Intel Core i5,8,256,15.6,0,454.33
765,1,HP,15S,Intel Core i5,8,512,15.6,0,494.81
766,1,Asus,TUF,Intel Core i5,16,512,15.6,0,719.01
767,1,Asus,ExpertBook,Intel Core i5,16,512,15.6,0,695.0
769,1,Lenovo,V15,Intel Core i5,8,512,15.6,0,579.9
770,1,Dell,Latitude,Intel Core i5,8,256,15.0,0,1599.0
771,1,Lenovo,IdeaPad,Intel Core i5,8,512,16.0,0,1274.37
772,1,Asus,ExpertBook,Intel Core i5,8,256,14.0,1,839.0
773,1,Asus,ExpertBook,Intel Core i5,16,512,14.0,0,650.13
774,1,Microsoft,Surface Laptop,Intel Core i5,16,256,14.4,1,1699.01
775,0,HP,EliteBook,Intel Core i5,8,256,15.6,0,675.0
776,1,Lenovo,IdeaPad,Intel Core i5,8,512,15.6,0,599.0
777,0,Microsoft,Surface Pro,Intel Core i5,8,256,12.3,1,1349.0
778,0,Dell,Latitude,Intel Core i5,8,128,14.0,0,379.0
779,0,Lenovo,ThinkPad,Intel Core i5,16,256,14.0,0,575.0
780,0,HP,EliteBook,Intel Core i5,8,256,14.0,0,210.14
781,1,Lenovo,V15,Intel Core i5,8,512,15.6,0,509.0
782,1,Gigabyte,Aorus,Intel Core i5,8,512,15.6,0,1086.85
784,1,Acer,Extensa,Intel Core i5,8,512,15.6,0,589.0
785,0,Lenovo,ThinkPad,Intel Core i5,8,256,14.0,0,399.0
786,0,HP,EliteBook,Intel Core i5,8,256,15.6,0,899.01
787,1,Asus,VivoBook,Intel Core i5,8,512,15.6,0,505.01
788,1,Lenovo,ThinkPad,Intel Core i5,16,256,14.0,0,869.0
789,1,Dell,Latitude,Intel Core i5,8,256,15.6,0,879.0
790,1,Microsoft,Surface Laptop,Intel Core i5,16,512,14.4,1,1899.0
791,0,Dell,Latitude,Intel Core i5,16,256,14.0,0,499.0
792,1,Asus,ExpertBook,Intel Core i5,8,1000,15.6,0,789.0
793,1,HP,250,Intel Core i5,8,512,15.6,0,569.99
794,1,HP,15S,Intel Core i5,8,1000,15.6,0,749.0
795,1,HP,ProBook,Intel Core i5,16,512,15.6,0,1041.0
796,0,Lenovo,ThinkPad,Intel Core i5,8,256,14.0,0,799.0
797,1,Asus,VivoBook,Intel Core i5,8,256,15.6,0,454.23
798,1,Microsoft,Surface Pro,Intel Core i5,8,256,12.3,1,1143.16
799,1,Asus,VivoBook,Intel Core i5,8,512,15.6,0,502.0
800,1,MSI,Modern,Intel Core i5,8,512,14.0,0,799.0
801,1,Asus,F515,Intel Core i5,8,512,15.6,0,609.01
802,1,Acer,Aspire,Intel Core i5,8,256,15.6,0,529.0
803,1,HP,250,Intel Core i5,16,512,15.6,0,880.53
804,1,Acer,Extensa,Intel Core i5,16,512,15.6,0,670.67
805,1,Lenovo,V15,Intel Core i5,8,256,15.6,0,719.0
806,1,Dell,Vostro,Intel Core i5,8,512,14.0,0,743.0
807,1,Asus,F515,Intel Core i5,8,512,15.6,0,809.01
808,1,Acer,Extensa,Intel Core i5,8,1000,15.6,0,583.85
809,1,Asus,ExpertBook,Intel Core i5,16,512,14.0,0,800.0
811,0,Lenovo,ThinkPad,Intel Core i5,8,256,14.0,0,635.0
813,0,Dell,Latitude,Intel Core i5,8,256,14.0,0,448.99
814,1,HP,15S,Intel Core i5,8,512,15.6,0,595.9
815,1,HP,15S,Intel Core i5,16,512,15.6,0,850.99
816,0,Lenovo,ThinkPad,Intel Core i5,8,256,14.0,0,239.0
817,0,Lenovo,250,Intel Core i5,8,256,12.5,0,358.99
818,0,Microsoft,Surface Pro,Intel Core i5,16,256,12.3,0,1111.35
819,0,Lenovo,ThinkPad,Intel Core i5,8,256,14.0,0,635.0
820,0,HP,EliteBook,Intel Core i5,8,256,13.3,1,555.0
821,1,Medion,Akoya,Intel Core i5,8,256,15.6,0,727.49
822,0,Apple,MacBook Pro,Intel Core i5,8,128,13.0,0,604.0
823,1,Asus,VivoBook,Intel Core i5,12,512,16.0,0,832.01
824,1,Asus,ExpertBook,Intel Core i5,16,512,15.6,0,800.0
825,1,Asus,ZenBook,Intel Core i5,8,512,13.3,0,819.0
826,1,Acer,Aspire,Intel Core i5,8,512,15.6,0,552.99
827,0,Lenovo,ThinkPad,Intel Core i5,8,512,14.0,0,518.63
829,1,Lenovo,IdeaPad,Intel Core i5,16,512,15.6,0,799.0
830,1,Asus,TUF,Intel Core i5,16,512,15.6,0,769.0
831,1,Asus,ZenBook,Intel Core i5,16,512,14.0,0,846.31
832,1,Lenovo,ThinkBook,Intel Core i5,16,512,15.6,0,1069.0
833,1,Microsoft,Surface Pro,Intel Core i5,8,256,12.3,0,1349.0
834,1,HP,ProBook,Intel Core i5,8,256,14.0,0,764.34
835,1,Lenovo,ThinkBook,Intel Core i5,16,512,15.6,0,1074.0
836,1,Asus,ExpertBook,Intel Core i5,16,512,15.6,0,869.0
837,1,Lenovo,ThinkPad,Intel Core i5,16,512,14.0,0,1282.0
838,1,HP,250,Intel Core i5,8,512,15.6,0,549.0
839,0,Apple,MacBook Air,Intel Core i5,16,512,13.3,0,1498.0
840,1,HP,15S,Intel Core i5,8,512,15.6,0,568.82
841,1,Lenovo,IdeaPad,Intel Core i5,8,512,14.0,0,844.0
842,1,Lenovo,ThinkPad,Intel Core i5,16,512,15.6,0,1069.0
843,1,Lenovo,IdeaPad,Intel Core i5,8,256,13.3,1,779.01
844,0,HP,ProBook,Intel Core i5,8,256,15.6,0,679.95
845,0,Apple,MacBook Air,Intel Core i5,4,128,13.3,0,299.0
846,0,Apple,MacBook Air,Intel Core i5,8,128,13.3,0,331.75
847,1,HP,ProBook,Intel Core i5,8,256,14.0,0,869.14
848,1,MSI,Katana,Intel Core i5,16,512,15.6,0,875.06
849,1,HP,15S,Intel Core i5,8,256,15.6,0,494.81
850,1,HP,EliteBook,Intel Core i5,8,256,14.0,0,750.73
851,1,Lenovo,ThinkPad,Intel Core i5,16,256,15.6,0,969.0
852,0,Apple,MacBook Air,Intel Core i5,8,512,13.3,0,895.0
853,1,Acer,Aspire,Intel Core i5,8,256,15.6,0,474.86
854,0,Asus,ZenBook,Intel Core i5,16,512,13.3,1,678.39
855,1,Dell,Vostro,Intel Core i5,8,256,14.0,0,697.36
856,0,Lenovo,IdeaPad,Intel Core i5,8,512,14.0,1,799.0
857,1,Lenovo,ThinkBook,Intel Core i5,16,512,13.3,0,1310.61
858,0,Apple,MacBook Air,Intel Core i5,8,128,13.0,0,391.17
859,1,Dell,Latitude,Intel Core i5,16,512,13.3,0,1071.49
860,0,Dell,Latitude,Intel Core i5,8,512,14.0,0,699.0
861,1,Asus,VivoBook,Intel Core i5,8,256,16.0,0,469.9
862,1,HP,15S,Intel Core i5,16,512,15.6,0,687.64
863,1,Asus,ExpertBook,Intel Core i5,16,512,14.0,1,1199.0
864,0,Dell,Latitude,Intel Core i5,8,256,15.6,0,999.0
865,1,HP,ProBook,Intel Core i5,8,256,15.6,0,855.39
866,1,Lenovo,ThinkPad,Intel Core i5,8,256,14.0,0,1028.0
867,0,Apple,MacBook Pro,Intel Core i5,8,256,13.3,0,759.2
868,1,Asus,VivoBook,Intel Core i5,8,512,16.0,0,500.0
869,1,Lenovo,V15,Intel Core i5,8,512,15.6,0,810.2
870,0,Lenovo,ThinkPad,Intel Core i5,8,256,13.3,0,1008.37
871,1,HP,15S,Intel Core i5,8,1000,15.6,0,715.0
872,1,Asus,Chromebook,Intel Core i5,8,256,14.0,0,1143.53
873,1,Asus,F515,Intel Core i5,12,512,15.6,0,824.78
874,1,HP,EliteBook,Intel Core i5,16,512,13.3,0,1375.3
875,0,Apple,MacBook Pro,Intel Core i5,16,512,13.3,0,1302.54
876,1,Asus,ExpertBook,Intel Core i5,16,512,14.0,0,811.68
877,1,Asus,VivoBook,Intel Core i5,8,256,15.6,0,639.0
878,1,HP,15S,Intel Core i5,8,512,15.6,0,552.0
879,0,Microsoft,Surface Pro,Intel Core i5,8,256,12.3,0,866.0
880,1,Acer,Extensa,Intel Core i5,8,256,15.6,0,494.35
881,1,Asus,VivoBook,Intel Core i5,16,512,17.3,0,862.19
882,0,Apple,MacBook Pro,Intel Core i5,8,512,13.0,0,856.08
883,0,Asus,VivoBook,Intel Core i5,16,512,15.6,0,1099.0
884,0,Apple,MacBook Air,Intel Core i5,8,256,13.3,0,655.76
885,0,Apple,MacBook Air,Intel Core i5,16,512,13.3,0,884.99
886,0,HP,ProBook,Intel Core i5,8,256,13.3,0,413.0
888,0,Apple,MacBook Pro,Intel Core i5,8,256,13.3,0,759.2
889,0,Acer,Aspire,Intel Core i5,8,512,17.3,0,713.28
890,1,HP,15S,Intel Core i5,8,512,15.6,0,530.19
891,1,Asus,VivoBook,Intel Core i5,8,512,15.6,0,527.0
892,1,Dell,Latitude,Intel Core i5,8,256,14.0,0,1032.38
893,1,Asus,ExpertBook,Intel Core i5,8,512,15.6,0,693.0
894,1,Acer,Aspire,Intel Core i5,8,512,14.0,0,769.58
895,1,Acer,Extensa,Intel Core i5,8,256,15.6,0,531.8
896,1,Acer,Extensa,Intel Core i5,8,256,15.6,0,529.9
897,1,Lenovo,ThinkPad,Intel Core i5,16,512,14.0,0,1069.0
898,0,HP,EliteBook,Intel Core i5,8,256,13.3,1,620.0
900,0,Asus,TUF,Intel Core i5,16,512,15.6,0,949.0
901,1,Dell,Latitude,Intel Core i5,8,256,13.3,0,912.0
902,1,Dell,Vostro,Intel Core i5,16,512,16.0,0,961.6
904,1,Acer,Extensa,Intel Core i5,8,256,15.6,0,709.65
905,0,Apple,MacBook Air,Intel Core i5,8,256,13.3,0,765.33
907,0,Apple,MacBook Pro,Intel Core i5,8,256,13.0,0,815.75
908,0,HP,250,Intel Core i5,8,512,15.6,0,566.58
909,0,HP,EliteBook,Intel Core i5,16,512,13.3,0,1329.2
910,0,HP,ProBook,Intel Core i5,4,500,14.0,0,370.01
911,0,Lenovo,ThinkPad,Intel Core i5,8,256,14.0,0,1339.45
912,1,Asus,F515,Intel Core i5,16,512,15.6,0,720.92
913,1,Lenovo,V15,Intel Core i5,16,512,15.6,0,810.81
914,0,Asus,ExpertBook,Intel Core i5,16,512,15.6,0,729.0
916,0,Acer,Aspire,Intel Core i5,8,512,15.6,0,477.6
917,0,Apple,MacBook Pro,Intel Core i5,8,128,13.0,0,604.0
918,0,Dell,Latitude,Intel Core i5,8,256,15.6,0,1125.75
919,0,Dell,Latitude,Intel Core i5,8,256,14.0,0,699.0
921,1,HP,15S,Intel Core i5,8,512,15.6,0,760.99
922,0,HP,EliteBook,Intel Core i5,8,256,14.0,1,1395.03
923,0,HP,ProBook,Intel Core i5,8,256,13.3,0,490.0
924,0,HP,ProBook,Intel Core i5,8,256,14.0,0,550.01
925,0,Lenovo,ThinkPad,Intel Core i5,16,512,14.0,0,1901.48
926,0,Lenovo,ThinkPad,Intel Core i5,8,512,14.0,1,877.63
928,1,HP,Victus,Intel Core i5,8,512,16.1,0,1438.68
929,1,Asus,Chromebook,Intel Core i5,8,256,14.0,0,777.0
930,1,Asus,ExpertBook,Intel Core i5,8,512,15.6,0,901.99
931,1,Asus,ExpertBook,Intel Core i5,16,512,14.0,0,1259.0
932,1,Asus,ExpertBook,Intel Core i5,16,512,16.0,0,1238.0
933,1,Asus,ExpertBook,Intel Core i5,16,512,14.0,1,1703.0
934,1,Asus,VivoBook,Intel Core i5,8,512,15.6,0,544.58
935,1,Asus,VivoBook,Intel Core i5,16,512,15.6,0,729.78
936,1,Asus,F515,Intel Core i5,8,512,15.6,0,613.91
937,1,Asus,TUF,Intel Core i5,16,512,15.6,0,809.9
938,1,Asus,TUF,Intel Core i5,8,512,15.6,0,946.7
939,1,Asus,VivoBook,Intel Core i5,16,512,15.6,0,804.7
940,1,Asus,VivoBook,Intel Core i5,8,512,15.6,0,648.97
941,1,Asus,VivoBook,Intel Core i5,16,512,16.0,0,698.44
942,1,Asus,VivoBook,Intel Core i5,8,512,15.6,0,666.37
943,1,Asus,VivoBook,Intel Core i5,16,512,15.6,0,1212.25
944,1,Asus,VivoBook,Intel Core i5,8,512,15.6,0,867.0
945,1,Asus,ZenBook,Intel Core i5,16,512,14.0,0,959.91
946,1,Acer,Chromebook,Intel Core i5,8,256,15.6,0,698.0
947,1,Acer,Chromebook,Intel Core i5,8,256,14.0,1,999.0
948,1,Acer,ConceptD,Intel Core i5,8,512,15.6,0,1121.0
949,1,Acer,ConceptD,Intel Core i5,8,512,15.6,0,1349.0
951,1,Acer,Extensa,Intel Core i5,8,512,15.6,0,666.44
952,1,Acer,Extensa,Intel Core i5,8,256,15.6,0,689.08
953,1,Acer,Extensa,Intel Core i5,8,512,15.6,0,541.55
958,1,Asus,VivoBook,Intel Core i5,8,256,14.0,0,686.45
959,1,Dell,Latitude,Intel Core i5,8,256,13.3,0,1044.74
960,1,Dell,Latitude,Intel Core i5,16,512,14.0,0,1237.85
961,1,Dell,Latitude,Intel Core i5,16,512,14.0,0,1091.0
962,1,Dell,Latitude,Intel Core i5,8,256,15.6,0,915.78
963,1,Dell,Latitude,Intel Core i5,8,256,13.3,0,1231.71
964,1,Dell,Latitude,Intel Core i5,8,256,13.3,0,1007.0
965,1,Dell,Latitude,Intel Core i5,8,256,15.6,0,2450.71
966,1,Dell,Latitude,Intel Core i5,8,256,15.6,0,1040.55
967,1,Dell,Latitude,Intel Core i5,8,256,15.6,0,1307.01
968,1,Dell,Latitude,Intel Core i5,16,512,14.0,0,1463.4
969,1,Dell,Latitude,Intel Core i5,16,512,15.6,0,1365.1
970,1,Dell,Latitude,Intel Core i5,16,512,15.6,0,1675.2
973,1,Dell,Vostro,Intel Core i5,8,512,14.0,0,926.63
974,1,Dell,Vostro,Intel Core i5,8,256,14.0,0,717.0
975,1,Dell,Vostro,Intel Core i5,8,256,15.6,0,1289.17
976,1,Dell,Vostro,Intel Core i5,8,256,15.6,0,1091.08
977,1,Dell,Vostro,Intel Core i5,8,256,16.0,0,887.87
981,1,HP,15S,Intel Core i5,8,512,15.6,0,885.9
982,1,HP,15S,Intel Core i5,8,512,15.6,0,623.66
983,1,HP,15S,Intel Core i5,8,512,15.6,0,521.75
984,1,HP,15S,Intel Core i5,8,256,15.6,0,571.39
985,1,HP,15S,Intel Core i5,8,256,15.6,0,542.99
986,1,HP,15S,Intel Core i5,8,256,15.6,0,494.81
987,1,HP,15S,Intel Core i5,8,256,15.6,0,507.14
988,1,HP,15S,Intel Core i5,8,512,15.6,0,550.78
989,1,HP,15S,Intel Core i5,8,512,15.6,0,759.0
990,1,HP,15S,Intel Core i5,8,512,15.6,0,526.1
991,1,HP,15S,Intel Core i5,8,512,15.6,0,676.0
992,1,HP,15S,Intel Core i5,8,512,15.6,0,614.99
993,1,HP,250,Intel Core i5,8,256,15.6,0,1730.38
994,1,HP,250,Intel Core i5,8,256,15.6,0,876.08
995,1,HP,250,Intel Core i5,8,512,15.6,0,741.0
996,1,HP,250,Intel Core i5,8,256,15.6,0,791.0
997,1,HP,250,Intel Core i5,8,512,15.6,0,882.01
999,1,HP,EliteBook,Intel Core i5,16,512,14.0,0,1624.46
1000,1,HP,EliteBook,Intel Core i5,8,512,13.3,0,1042.26
1001,0,HP,EliteBook,Intel Core i5,8,512,14.0,0,1474.28
1002,1,HP,EliteBook,Intel Core i5,8,512,15.6,0,1064.59
1003,1,HP,EliteBook,Intel Core i5,8,256,14.0,0,1519.99
1004,0,HP,EliteBook,Intel Core i5,16,512,14.0,0,2025.96
1005,1,HP,EliteBook,Intel Core i5,8,256,15.6,0,1015.01
1006,1,HP,EliteBook,Intel Core i5,16,512,16.0,0,1463.31
1007,1,HP,EliteBook,Intel Core i5,16,512,13.3,1,1999.0
1008,1,HP,EliteBook,Intel Core i5,8,512,13.3,1,1051.96
1009,1,HP,Pavilion,Intel Core i5,16,512,14.0,0,977.0
1010,1,HP,Pavilion,Intel Core i5,16,512,14.0,0,920.82
1011,1,HP,Pavilion,Intel Core i5,8,512,14.0,1,987.0
1012,1,HP,ProBook,Intel Core i5,4,500,13.3,0,919.83
1013,1,HP,ProBook,Intel Core i5,8,256,15.6,0,1399.24
1014,1,HP,ProBook,Intel Core i5,8,256,15.6,0,776.32
1015,1,HP,Victus,Intel Core i5,16,512,15.6,0,899.01
1016,1,HP,Zbook,Intel Core i5,16,512,14.0,0,2426.81
1017,1,HP,Zbook,Intel Core i5,16,512,14.0,0,1385.0
1018,1,HP,Zbook,Intel Core i5,16,512,14.0,1,2426.53
1019,1,Lenovo,IdeaPad,Intel Core i5,8,512,14.0,0,1015.55
1020,1,Lenovo,IdeaPad,Intel Core i5,8,512,14.0,0,1274.9
1021,1,Lenovo,IdeaPad,Intel Core i5,16,512,15.6,0,1205.99
1022,1,Lenovo,ThinkBook,Intel Core i5,16,512,14.0,0,988.52
1023,1,Lenovo,ThinkBook,Intel Core i5,8,256,14.0,0,893.52
1024,0,Lenovo,ThinkBook,Intel Core i5,8,256,14.0,1,794.99
1025,1,Lenovo,ThinkBook,Intel Core i5,8,256,15.6,0,1000.27
1026,1,Lenovo,ThinkBook,Intel Core i5,8,256,15.6,0,896.57
1027,0,Lenovo,ThinkBook,Intel Core i5,16,512,15.6,0,1350.05
1028,1,Lenovo,ThinkPad,Intel Core i5,16,512,14.0,0,1253.5
1029,1,Lenovo,ThinkPad,Intel Core i5,8,256,15.6,0,1135.0
1030,1,Lenovo,ThinkPad,Intel Core i5,16,512,13.3,0,1423.48
1031,1,Lenovo,ThinkPad,Intel Core i5,8,256,13.3,0,1178.0
1032,1,Lenovo,ThinkPad,Intel Core i5,8,256,13.3,1,939.67
1033,1,Lenovo,ThinkPad,Intel Core i5,8,256,13.3,1,1329.0
1034,1,Lenovo,ThinkPad,Intel Core i5,8,512,14.0,0,919.0
1035,1,Lenovo,ThinkPad,Intel Core i5,8,256,14.0,0,1161.0
1036,1,Lenovo,ThinkPad,Intel Core i5,8,256,14.0,0,1782.0
1037,1,Lenovo,ThinkPad,Intel Core i5,16,512,14.0,0,2068.0
1038,1,Lenovo,ThinkPad,Intel Core i5,8,256,14.0,0,1223.43
1039,1,Lenovo,ThinkPad,Intel Core i5,8,256,15.6,0,849.0
1040,1,Lenovo,ThinkPad,Intel Core i5,16,512,16.0,0,1925.0
1041,1,Lenovo,ThinkPad,Intel Core i5,8,512,13.3,0,1358.61
1043,1,Lenovo,V15,Intel Core i5,8,512,15.6,0,506.61
1044,1,Lenovo,V15,Intel Core i5,16,512,15.6,0,979.0
1045,1,Lenovo,V15,Intel Core i5,8,256,15.6,0,842.99
1046,1,Lenovo,Yoga,Intel Core i5,8,128,15.6,1,1168.13
1047,1,Medion,Akoya,Intel Core i5,8,512,15.6,0,598.31
1048,1,Medion,Akoya,Intel Core i5,8,512,15.6,0,670.85
1049,1,Microsoft,Surface Laptop,Intel Core i5,16,512,13.5,1,2024.05
1050,1,Microsoft,Surface Laptop,Intel Core i5,8,256,13.5,1,951.74
1051,1,Microsoft,Surface Laptop,Intel Core i5,8,512,13.5,1,1668.0
1052,1,Microsoft,Surface Laptop,Intel Core i5,16,512,13.5,1,3747.91
1053,1,Microsoft,Surface Laptop,Intel Core i5,8,256,13.5,1,948.14
1054,1,Microsoft,Surface Laptop,Intel Core i5,8,128,12.4,1,824.0
1055,1,Microsoft,Surface Laptop,Intel Core i5,8,256,12.4,1,1134.21
1056,0,Microsoft,Surface Pro,Intel Core i5,8,128,12.3,1,1009.99
1057,1,Microsoft,Surface Pro,Intel Core i5,16,512,13.0,1,1916.99
1058,1,MSI,Prestige,Intel Core i5,16,512,14.0,0,1029.99
1059,0,Asus,F515,Intel Core i5,8,512,15.6,0,519.99
1060,0,Asus,F515,Intel Core i5,8,512,15.6,0,599.0
1061,0,Asus,F515,Intel Core i5,8,512,15.6,0,599.0
1062,0,Asus,F515,Intel Core i5,8,512,15.6,0,659.0
1065,0,Asus,TUF,Intel Core i5,16,512,15.6,0,1199.0
1066,0,Asus,VivoBook,Intel Core i5,16,512,15.6,0,749.0
1067,0,Asus,VivoBook,Intel Core i5,8,256,15.6,0,599.0
1068,0,Asus,VivoBook,Intel Core i5,16,512,15.6,0,699.0
1069,0,Acer,Aspire,Intel Core i5,12,512,15.6,0,477.28
1070,0,Acer,Aspire,Intel Core i5,12,512,15.6,0,373.49
1071,0,Acer,Aspire,Intel Core i5,12,256,15.6,0,391.24
1072,1,Acer,Aspire,Intel Core i5,8,512,15.6,0,810.99
1073,0,Acer,Nitro,Intel Core i5,8,256,15.6,0,477.59
1074,0,Acer,Nitro,Intel Core i5,16,512,15.6,0,666.69
1075,0,Apple,MacBook Air,Intel Core i5,8,128,13.3,0,625.91
1076,0,Apple,MacBook Air,Intel Core i5,8,256,13.3,0,873.6
1077,0,Apple,MacBook Air,Intel Core i5,8,128,13.3,0,745.15
1078,0,Apple,MacBook Air,Intel Core i5,8,128,13.3,0,658.25
1079,0,Apple,MacBook Air,Intel Core i5,8,256,13.3,0,1098.08
1080,0,Apple,MacBook Air,Intel Core i5,8,256,13.3,0,755.0
1081,0,Apple,MacBook Air,Intel Core i5,8,512,13.3,0,1020.01
1082,0,Apple,MacBook Air,Intel Core i5,4,256,13.3,0,324.0
1083,0,Apple,MacBook Pro,Intel Core i5,8,128,13.3,0,906.5
1084,0,Apple,MacBook Pro,Intel Core i5,8,128,13.3,0,906.5
1085,0,Apple,MacBook Pro,Intel Core i5,8,256,13.3,0,764.67
1086,0,Apple,MacBook Pro,Intel Core i5,8,256,13.3,0,926.65
1087,0,Apple,MacBook Pro,Intel Core i5,8,256,13.3,0,764.67
1088,0,Apple,MacBook Pro,Intel Core i5,8,512,13.3,0,804.46
1089,0,Apple,MacBook Pro,Intel Core i5,8,512,13.3,0,1027.5
1090,0,Apple,MacBook Pro,Intel Core i5,16,1000,13.3,0,1491.33
1091,0,Apple,MacBook Pro,Intel Core i5,16,1000,13.3,0,1491.33
1092,0,Apple,MacBook Pro,Intel Core i5,16,512,13.3,0,1299.75
1093,0,Apple,MacBook Pro,Intel Core i5,8,256,13.3,0,816.4
1094,0,Apple,MacBook Pro,Intel Core i5,8,256,13.3,0,1155.01
1095,0,Apple,MacBook Pro,Intel Core i5,8,512,13.3,0,1063.34
1096,0,Apple,MacBook Pro,Intel Core i5,8,512,13.3,0,1299.75
1097,0,Asus,ExpertBook,Intel Core i5,8,1000,15.6,0,699.0
1100,0,Asus,VivoBook,Intel Core i5,8,512,15.6,0,549.99
1101,0,Asus,VivoBook,Intel Core i5,8,512,15.6,0,699.0
1102,0,Asus,VivoBook,Intel Core i5,8,512,14.0,0,699.0
1103,0,Dell,Latitude,Intel Core i5,8,256,14.0,0,579.2
1104,0,Dell,Latitude,Intel Core i5,8,256,14.0,0,489.0
1105,0,Dell,Latitude,Intel Core i5,8,256,14.0,0,499.0
1106,0,Dell,Latitude,Intel Core i5,8,240,14.0,0,499.0
1107,0,Dell,Latitude,Intel Core i5,8,128,15.6,0,489.0
1108,0,Dell,Latitude,Intel Core i5,16,256,14.0,0,529.0
1109,0,Dell,Latitude,Intel Core i5,8,256,14.0,0,519.01
1110,0,Dell,Vostro,Intel Core i5,8,256,13.3,0,420.74
1111,0,Dell,Vostro,Intel Core i5,8,512,13.3,0,511.59
1112,0,Dell,Vostro,Intel Core i5,8,512,15.6,0,549.93
1114,0,HP,15S,Intel Core i5,8,512,15.6,0,407.69
1115,0,HP,15S,Intel Core i5,8,512,15.6,0,555.49
1116,0,HP,15S,Intel Core i5,8,512,15.6,0,421.27
1117,0,HP,15S,Intel Core i5,8,512,15.6,0,475.99
1118,0,HP,EliteBook,Intel Core i5,8,256,13.3,0,725.89
1119,0,HP,EliteBook,Intel Core i5,8,256,13.3,0,1678.02
1120,0,HP,EliteBook,Intel Core i5,8,256,15.6,0,520.0
1121,0,HP,EliteBook,Intel Core i5,8,256,15.6,0,1074.06
1122,0,HP,EliteBook,Intel Core i5,8,256,13.3,1,866.0
1123,0,HP,Pavilion,Intel Core i5,8,512,16.1,0,545.38
1124,0,HP,Pavilion,Intel Core i5,8,512,14.0,0,565.54
1125,0,HP,ProBook,Intel Core i5,8,256,13.3,0,749.99
1126,0,HP,ProBook,Intel Core i5,8,256,14.0,0,1335.2
1127,0,HP,ProBook,Intel Core i5,8,256,15.6,0,569.99
1128,0,HP,ProBook,Intel Core i5,8,256,15.6,0,1031.89
1129,0,HP,ProBook,Intel Core i5,16,512,15.6,0,1298.15
1130,0,HP,Victus,Intel Core i5,16,512,16.1,0,624.78
1131,0,LG,Gram,Intel Core i5,8,256,13.3,0,609.04
1132,0,Lenovo,IdeaPad,Intel Core i5,8,512,14.0,0,699.0
1133,0,Lenovo,IdeaPad,Intel Core i5,8,512,14.0,0,649.0
1134,1,Lenovo,IdeaPad,Intel Core i5,16,512,15.6,0,860.99
1135,0,Lenovo,IdeaPad,Intel Core i5,16,512,14.0,0,999.0
1136,0,Lenovo,IdeaPad,Intel Core i5,8,512,15.6,0,802.61
1137,0,Lenovo,ThinkBook,Intel Core i5,16,512,14.0,0,1049.0
1138,0,Lenovo,ThinkBook,Intel Core i5,16,512,14.0,0,976.18
1139,0,Lenovo,ThinkBook,Intel Core i5,8,256,15.6,0,970.48
1140,0,Lenovo,ThinkPad,Intel Core i5,8,512,14.0,0,882.56
1141,0,Lenovo,ThinkPad,Intel Core i5,16,512,13.3,1,1151.84
1142,0,Lenovo,ThinkPad,Intel Core i5,16,512,14.0,0,1074.06
1143,0,Lenovo,ThinkPad,Intel Core i5,8,256,13.3,0,1031.46
1144,0,Lenovo,ThinkPad,Intel Core i5,8,256,15.6,0,846.56
1145,0,Lenovo,ThinkPad,Intel Core i5,8,512,15.6,0,651.6
1146,0,Lenovo,ThinkPad,Intel Core i5,16,512,14.0,0,738.0
1147,0,Lenovo,ThinkPad,Intel Core i5,8,256,14.0,0,1251.91
1148,0,Lenovo,ThinkPad,Intel Core i5,8,256,14.0,0,475.0
1149,0,Lenovo,ThinkPad,Intel Core i5,8,256,15.6,0,802.0
1150,0,Lenovo,ThinkPad,Intel Core i5,16,512,13.3,1,1779.0
1152,0,Lenovo,V15,Intel Core i5,16,512,15.6,0,915.07
1153,0,Lenovo,Yoga,Intel Core i5,8,512,13.9,1,989.47
1154,0,MSI,Thin,Intel Core i5,16,512,15.6,0,806.49
1155,0,MSI,Modern,Intel Core i5,16,512,14.0,0,588.29
1156,0,MSI,Modern,Intel Core i5,16,512,14.0,0,799.0
1157,0,MSI,Modern,Intel Core i5,16,512,15.6,0,631.18
1158,1,Asus,ROG,AMD Ryzen 7,16,512,15.6,0,1199.0
1160,1,Lenovo,IdeaPad,AMD Ryzen 7,16,512,15.6,0,729.0
1161,1,Asus,VivoBook,AMD Ryzen 7,16,512,15.6,0,1299.01
1162,1,Asus,ROG,AMD Ryzen 7,16,512,15.6,0,1139.01
1163,1,Lenovo,IdeaPad,AMD Ryzen 7,16,512,15.6,0,829.0
1164,1,Asus,TUF,AMD Ryzen 7,16,1000,15.6,0,1349.0
1165,1,HP,Victus,AMD Ryzen 7,16,512,16.1,0,1299.01
1166,1,HP,Omen,AMD Ryzen 7,16,512,16.1,0,1149.0
1167,1,HP,15S,AMD Ryzen 7,16,512,15.6,0,649.01
1168,1,Lenovo,IdeaPad,AMD Ryzen 7,8,512,15.6,0,699.0
1169,1,Medion,Akoya,AMD Ryzen 7,8,256,15.6,0,478.99
1170,1,Lenovo,IdeaPad,AMD Ryzen 7,8,512,15.6,0,589.0
1171,1,Asus,ZenBook,AMD Ryzen 7,16,512,14.0,0,999.0
1172,1,Lenovo,Legion,AMD Ryzen 7,16,512,15.6,0,1079.01
1173,1,Lenovo,IdeaPad,AMD Ryzen 7,16,512,15.6,0,999.0
1174,1,Asus,TUF,AMD Ryzen 7,16,512,15.6,0,1349.0
1175,0,Asus,ROG,AMD Ryzen 7,16,1000,15.6,0,1899.0
1176,1,HP,15S,AMD Ryzen 7,12,512,15.6,0,749.0
1177,1,Asus,ZenBook,AMD Ryzen 7,16,512,14.0,0,1149.0
1178,1,HP,Victus,AMD Ryzen 7,16,512,16.1,0,1099.0
1179,1,Medion,Akoya,AMD Ryzen 7,8,512,15.6,0,499.0
1180,1,Lenovo,IdeaPad,AMD Ryzen 7,16,512,15.6,0,1079.01
1181,1,Asus,ZenBook,AMD Ryzen 7,16,512,14.0,0,1199.0
1183,1,Asus,TUF,AMD Ryzen 7,16,512,15.6,0,1139.01
1184,1,Acer,Nitro,AMD Ryzen 7,32,1000,15.6,0,2299.0
1185,1,Acer,Nitro,AMD Ryzen 7,16,1000,15.6,0,1299.01
1186,1,Asus,TUF,AMD Ryzen 7,32,1000,15.6,0,1889.0
1187,1,Lenovo,ThinkPad,AMD Ryzen 7,16,512,15.6,0,1129.0
1188,1,MSI,Modern,AMD Ryzen 7,16,512,15.6,0,899.0
1189,1,HP,Omen,AMD Ryzen 7,16,512,16.1,0,1399.0
1190,1,HP,Pavilion,AMD Ryzen 7,16,512,14.0,0,899.01
1191,1,HP,Omen,AMD Ryzen 7,16,1000,16.1,0,1699.01
1193,1,HP,Victus,AMD Ryzen 7,16,512,16.1,0,1149.0
1194,1,Lenovo,V15,AMD Ryzen 7,16,512,15.6,0,739.01
1195,1,Asus,ROG,AMD Ryzen 7,32,1000,17.3,0,2999.0
1196,1,Asus,TUF,AMD Ryzen 7,16,1000,16.0,0,1499.0
1197,1,Asus,VivoBook,AMD Ryzen 7,16,1000,15.6,0,1149.04
1198,1,Lenovo,IdeaPad,AMD Ryzen 7,16,1000,15.6,0,1269.0
1199,1,HP,Victus,AMD Ryzen 7,16,512,16.1,0,1629.0
1200,1,Lenovo,IdeaPad,AMD Ryzen 7,8,512,15.6,0,730.97
1202,1,Lenovo,V15,AMD Ryzen 7,16,512,15.6,0,619.99
1204,1,Asus,ROG,AMD Ryzen 7,32,1000,15.6,0,2079.01
1205,1,Microsoft,Surface Laptop,AMD Ryzen 7,8,256,15.0,1,1449.0
1206,1,Lenovo,Legion,AMD Ryzen 7,16,1000,15.6,0,1553.68
1207,1,HP,ProBook,AMD Ryzen 7,16,512,15.6,0,899.99
1208,1,Asus,VivoBook,AMD Ryzen 7,16,1000,15.6,0,1501.55
1209,1,Asus,TUF,AMD Ryzen 7,16,512,15.6,0,1499.96
1210,0,Lenovo,Legion,AMD Ryzen 7,16,512,15.6,0,1180.29
1211,1,Asus,ZenBook,AMD Ryzen 7,16,512,14.0,0,1199.0
1212,0,HP,Pavilion,AMD Ryzen 7,16,512,13.3,0,663.69
1213,1,HP,ProBook,AMD Ryzen 7,32,1000,15.6,0,999.0
1214,1,Acer,Aspire,AMD Ryzen 7,8,512,15.6,0,809.01
1215,1,Microsoft,Surface Laptop,AMD Ryzen 7,8,512,15.0,1,1649.0
1216,1,Asus,ZenBook,AMD Ryzen 7,16,512,14.0,0,1056.0
1217,1,Asus,ZenBook,AMD Ryzen 7,16,1000,14.0,0,1377.62
1218,1,Asus,ROG,AMD Ryzen 7,32,1000,17.3,0,2649.44
1219,1,HP,15S,AMD Ryzen 7,12,512,15.6,0,613.2
1220,1,HP,Victus,AMD Ryzen 7,8,512,16.1,0,864.23
1221,1,HP,15S,AMD Ryzen 7,12,512,15.6,0,641.0
1223,1,Lenovo,V15,AMD Ryzen 7,8,512,15.6,0,565.01
1224,1,HP,Omen,AMD Ryzen 7,16,512,16.1,0,1580.62
1225,1,Lenovo,V15,AMD Ryzen 7,8,256,15.6,0,628.99
1226,1,HP,Victus,AMD Ryzen 7,8,512,16.1,0,982.0
1227,1,Lenovo,IdeaPad,AMD Ryzen 7,16,512,14.0,0,1058.0
1228,0,Asus,ROG,AMD Ryzen 7,16,1000,15.6,0,1600.0
1229,1,Lenovo,Yoga,AMD Ryzen 7,16,512,14.0,1,1438.0
1230,1,Asus,TUF,AMD Ryzen 7,16,1000,15.6,0,1335.01
1231,1,Lenovo,IdeaPad,AMD Ryzen 7,16,512,17.3,0,1136.94
1232,0,Asus,ZenBook,AMD Ryzen 7,16,512,14.0,0,849.0
1233,0,Asus,ROG,AMD Ryzen 7,16,1000,15.6,0,1299.0
1234,1,Asus,TUF,AMD Ryzen 7,16,512,15.6,0,1409.0
1235,0,HP,Omen,AMD Ryzen 7,16,512,16.1,0,634.34
1236,0,HP,Victus,AMD Ryzen 7,8,512,16.1,0,829.19
1237,0,Asus,ROG,AMD Ryzen 7,16,1000,14.0,0,2199.0
1238,0,Asus,ROG,AMD Ryzen 7,16,1000,15.6,0,2199.0
1239,1,Asus,ROG,AMD Ryzen 7,16,1000,14.0,0,1730.15
1240,1,Asus,ROG,AMD Ryzen 7,16,1000,13.4,1,2086.72
1241,1,Asus,ROG,AMD Ryzen 7,16,512,15.6,0,1036.46
1242,1,Asus,ROG,AMD Ryzen 7,16,512,15.6,0,1411.19
1243,1,Asus,ROG,AMD Ryzen 7,16,512,15.6,0,909.99
1244,1,Asus,ROG,AMD Ryzen 7,16,1000,17.3,0,1455.4
1245,1,Asus,TUF,AMD Ryzen 7,16,512,15.6,0,1175.01
1246,1,Asus,TUF,AMD Ryzen 7,8,512,15.6,0,1122.26
1247,1,Asus,TUF,AMD Ryzen 7,16,512,15.6,0,1106.48
1248,1,Asus,VivoBook,AMD Ryzen 7,16,512,15.6,0,1035.84
1249,1,Asus,ZenBook,AMD Ryzen 7,16,512,14.0,0,1078.65
1250,1,Asus,TUF,AMD Ryzen 7,16,512,15.6,0,1454.12
1251,1,Asus,VivoBook,AMD Ryzen 7,16,512,15.6,0,1422.0
1252,1,HP,15S,AMD Ryzen 7,12,512,15.6,0,716.14
1253,1,HP,15S,AMD Ryzen 7,12,512,15.6,0,673.37
1254,1,HP,15S,AMD Ryzen 7,8,256,15.6,0,600.57
1255,1,HP,15S,AMD Ryzen 7,8,512,15.6,0,614.0
1256,1,HP,15S,AMD Ryzen 7,8,512,15.6,0,601.33
1257,1,HP,15S,AMD Ryzen 7,12,256,15.6,0,750.08
1258,1,HP,Omen,AMD Ryzen 7,16,512,16.1,0,2025.23
1259,1,HP,Victus,AMD Ryzen 7,8,512,16.1,0,909.13
1260,1,HP,Victus,AMD Ryzen 7,16,512,16.1,0,998.56
1261,1,Lenovo,IdeaPad,AMD Ryzen 7,8,512,15.6,0,867.0
1262,1,Lenovo,IdeaPad,AMD Ryzen 7,8,512,15.6,0,751.88
1263,1,Lenovo,IdeaPad,AMD Ryzen 7,16,512,15.6,0,949.0
1264,1,Lenovo,ThinkBook,AMD Ryzen 7,16,512,14.0,0,1079.91
1265,1,Lenovo,ThinkBook,AMD Ryzen 7,16,512,14.0,0,1156.47
1266,1,Lenovo,ThinkBook,AMD Ryzen 7,16,512,15.6,0,1149.56
1267,1,Lenovo,ThinkBook,AMD Ryzen 7,16,512,16.0,0,2787.22
1268,1,Lenovo,ThinkBook,AMD Ryzen 7,16,512,16.0,0,1748.99
1269,1,Lenovo,ThinkPad,AMD Ryzen 7,16,512,13.3,0,2068.0
1270,1,Lenovo,ThinkPad,AMD Ryzen 7,16,512,16.0,0,2281.0
1271,1,Lenovo,V15,AMD Ryzen 7,8,512,15.6,0,564.62
1272,1,Microsoft,Surface Laptop,AMD Ryzen 7,8,256,15.0,1,1649.54
1273,0,Asus,ROG,AMD Ryzen 7,16,512,15.6,0,949.0
1274,0,Asus,ROG,AMD Ryzen 7,32,1000,17.3,0,2099.0
1275,0,Asus,TUF,AMD Ryzen 7,16,1000,15.6,0,1799.0
1276,0,Asus,ZenBook,AMD Ryzen 7,16,512,14.0,0,1099.0
1277,0,Asus,ZenBook,AMD Ryzen 7,16,512,14.0,0,609.04
1278,0,Acer,Aspire,AMD Ryzen 7,8,512,15.6,0,699.0
1279,0,Acer,Nitro,AMD Ryzen 7,16,512,15.6,0,670.53
1280,0,Acer,Nitro,AMD Ryzen 7,16,1000,17.3,0,1214.63
1281,0,Asus,ROG,AMD Ryzen 7,16,1000,15.6,0,1020.84
1282,0,Asus,ROG,AMD Ryzen 7,16,1000,15.6,0,1183.68
1283,0,Asus,ROG,AMD Ryzen 7,16,1000,14.0,0,771.79
1284,0,Asus,ROG,AMD Ryzen 7,16,1000,14.0,0,852.09
1285,0,Asus,ROG,AMD Ryzen 7,16,1000,15.6,0,1499.0
1286,0,Asus,ROG,AMD Ryzen 7,32,1000,15.6,0,1397.54
1287,0,Asus,ROG,AMD Ryzen 7,16,1000,14.0,0,854.59
1288,0,Asus,ROG,AMD Ryzen 7,16,1000,15.6,0,1091.09
1289,0,Asus,TUF,AMD Ryzen 7,16,1000,15.6,0,757.53
1290,0,Asus,TUF,AMD Ryzen 7,16,1000,15.6,0,1175.14
1291,0,Asus,TUF,AMD Ryzen 7,16,1000,15.6,0,1999.0
1292,0,Asus,TUF,AMD Ryzen 7,16,1000,17.3,0,1270.23
1293,0,Asus,TUF,AMD Ryzen 7,16,512,15.6,0,766.09
1294,0,Asus,TUF,AMD Ryzen 7,16,1000,15.6,0,853.69
1295,0,Asus,TUF,AMD Ryzen 7,16,1000,15.6,0,647.39
1296,0,Asus,TUF,AMD Ryzen 7,16,1000,15.6,0,785.69
1297,0,Asus,VivoBook,AMD Ryzen 7,8,512,14.0,0,495.74
1298,0,Asus,ZenBook,AMD Ryzen 7,16,512,14.0,0,799.0
1299,0,HP,Omen,AMD Ryzen 7,16,1000,15.6,0,863.44
1300,0,HP,Omen,AMD Ryzen 7,16,512,16.1,0,829.33
1301,0,HP,Omen,AMD Ryzen 7,16,1000,15.6,0,676.84
1302,0,HP,Omen,AMD Ryzen 7,16,1000,15.6,0,1199.99
1303,0,HP,Omen,AMD Ryzen 7,16,1000,15.6,0,912.44
1304,0,HP,Pavilion,AMD Ryzen 7,16,512,15.6,0,621.54
1305,0,Lenovo,IdeaPad,AMD Ryzen 7,8,512,14.0,1,799.0
1306,0,Lenovo,IdeaPad,AMD Ryzen 7,16,1000,15.6,0,1249.0
1307,0,Lenovo,Legion,AMD Ryzen 7,16,512,15.6,0,1150.04
1308,0,Lenovo,Legion,AMD Ryzen 7,16,512,15.6,0,1299.0
1309,0,Lenovo,Legion,AMD Ryzen 7,16,1000,15.6,0,996.04
1310,0,Lenovo,ThinkPad,AMD Ryzen 7,16,512,14.0,0,1439.26
1314,1,Asus,ExpertBook,Intel Core i3,8,256,15.6,0,789.0
1315,1,HP,15S,Intel Core i3,8,512,15.6,0,549.0
1316,1,Acer,Aspire,Intel Core i3,8,256,15.6,0,539.01
1317,1,Asus,VivoBook,Intel Core i3,8,256,15.6,0,539.01
1318,1,HP,15S,Intel Core i3,8,256,15.6,0,539.0
1319,1,HP,15S,Intel Core i3,8,256,15.6,0,449.0
1320,1,MSI,Modern,Intel Core i3,8,256,15.6,0,499.0
1321,1,Lenovo,IdeaPad,Intel Core i3,8,256,15.6,0,479.0
1322,1,Asus,ExpertBook,Intel Core i3,8,256,15.6,0,549.0
1323,1,Dell,Vostro,Intel Core i3,8,256,15.6,0,599.0
1324,1,Asus,VivoBook,Intel Core i3,8,256,14.0,0,459.0
1325,1,Lenovo,V15,Intel Core i3,8,512,15.6,0,449.0
1326,1,Lenovo,IdeaPad,Intel Core i3,8,256,15.6,0,529.0
1327,1,Acer,Aspire,Intel Core i3,8,512,15.6,0,499.0
1328,1,Asus,Chromebook,Intel Core i3,8,256,15.6,1,699.0
1329,1,Asus,VivoBook,Intel Core i3,8,512,15.6,0,499.0
1330,1,Asus,VivoBook,Intel Core i3,8,512,15.6,0,499.0
1331,1,Lenovo,V15,Intel Core i3,8,256,15.6,0,345.0
1332,1,Lenovo,V15,Intel Core i3,8,512,15.6,0,479.0
1333,1,Lenovo,V15,Intel Core i3,8,256,15.6,0,449.0
1334,1,Acer,Aspire,Intel Core i3,8,512,14.0,0,599.0
1335,1,Lenovo,V15,Intel Core i3,8,512,15.6,0,419.0
1336,1,Asus,VivoBook,Intel Core i3,8,256,15.6,0,399.0
1337,1,Asus,VivoBook,Intel Core i3,8,256,15.6,0,396.0
1338,1,Acer,Extensa,Intel Core i3,8,256,15.6,0,394.0
1339,1,HP,250,Intel Core i3,8,256,15.6,0,417.99
1340,1,Asus,VivoBook,Intel Core i3,8,256,14.0,0,549.0
1341,1,Acer,Extensa,Intel Core i3,8,256,15.6,0,413.99
1342,1,Lenovo,V15,Intel Core i3,8,256,15.6,0,443.01
1343,1,Asus,VivoBook,Intel Core i3,8,512,15.6,0,372.0
1344,1,HP,15S,Intel Core i3,8,256,15.6,0,552.33
1345,1,HP,250,Intel Core i3,8,512,15.6,0,398.1
1346,1,Lenovo,V15,Intel Core i3,8,256,15.6,0,495.99
1347,1,HP,250,Intel Core i3,8,512,15.6,0,453.0
1348,1,HP,15S,Intel Core i3,8,256,15.6,0,393.59
1349,1,Asus,F515,Intel Core i3,8,256,15.6,0,408.0
1350,1,Acer,Aspire,Intel Core i3,8,256,15.6,0,385.2
1351,1,Acer,Extensa,Intel Core i3,8,256,15.6,0,430.99
1352,1,Asus,VivoBook,Intel Core i3,8,256,15.6,0,355.0
1353,1,Lenovo,IdeaPad,Intel Core i3,8,256,13.3,1,699.0
1354,1,HP,15S,Intel Core i3,8,256,15.6,0,416.87
1355,1,Asus,VivoBook,Intel Core i3,8,512,15.6,0,449.9
1357,1,Lenovo,V15,Intel Core i3,8,512,15.6,0,465.0
1358,0,Lenovo,ThinkPad,Intel Core i3,8,256,13.3,0,419.0
1359,1,Asus,VivoBook,Intel Core i3,8,512,15.6,0,398.22
1360,1,Asus,F515,Intel Core i3,8,256,15.6,0,391.6
1361,1,HP,250,Intel Core i3,8,512,15.6,0,549.0
1362,1,HP,15S,Intel Core i3,8,512,15.6,0,414.84
1363,1,HP,250,Intel Core i3,8,256,15.6,0,399.37
1364,1,HP,250,Intel Core i3,8,256,15.6,0,556.59
1365,1,Asus,ExpertBook,Intel Core i3,8,256,15.6,0,445.99
1366,1,HP,250,Intel Core i3,8,256,15.6,0,831.12
1367,1,Lenovo,V15,Intel Core i3,8,512,15.6,0,773.6
1368,1,Asus,F515,Intel Core i3,8,512,15.6,0,550.6
1371,1,Asus,F515,Intel Core i3,8,256,15.6,0,650.36
1372,1,HP,250,Intel Core i3,8,256,15.6,0,634.05
1374,1,Asus,ExpertBook,Intel Core i3,8,256,14.0,0,511.13
1376,0,Acer,Aspire,Intel Core i3,8,512,15.6,0,340.24
1377,1,Asus,ExpertBook,Intel Core i3,8,256,15.6,0,545.0
1378,1,Asus,VivoBook,Intel Core i3,8,256,15.6,0,460.63
1380,1,Asus,F515,Intel Core i3,8,256,15.6,0,570.43
1381,1,Asus,F515,Intel Core i3,8,256,15.6,0,424.96
1383,1,Asus,VivoBook,Intel Core i3,8,256,15.6,0,389.0
1384,1,Acer,Aspire,Intel Core i3,8,512,17.3,0,707.69
1385,1,Acer,Extensa,Intel Core i3,8,256,15.6,0,616.33
1386,1,Acer,Extensa,Intel Core i3,8,256,15.6,0,481.6
1388,1,Asus,VivoBook,Intel Core i3,8,256,15.6,0,499.0
1389,1,Dell,Vostro,Intel Core i3,8,256,15.6,0,930.16
1390,1,Dell,Vostro,Intel Core i3,4,256,15.6,0,600.68
1391,1,Dell,Vostro,Intel Core i3,8,256,15.6,0,688.88
1392,1,HP,15S,Intel Core i3,8,512,15.6,0,451.46
1393,1,HP,15S,Intel Core i3,8,256,15.6,0,378.94
1394,1,HP,15S,Intel Core i3,8,512,15.6,0,646.39
1395,1,HP,15S,Intel Core i3,8,256,15.6,0,432.26
1397,1,HP,250,Intel Core i3,8,256,15.6,0,466.1
1398,1,HP,250,Intel Core i3,8,512,15.6,0,445.89
1399,1,HP,250,Intel Core i3,8,256,15.6,0,586.4
1401,1,HP,Pavilion,Intel Core i3,8,256,14.0,1,793.0
1402,0,Lenovo,IdeaPad,Intel Core i3,8,256,15.6,0,529.0
1403,1,Lenovo,IdeaPad,Intel Core i3,8,512,15.6,0,547.91
1404,0,Lenovo,ThinkBook,Intel Core i3,8,256,15.6,0,874.6
1406,1,Lenovo,V15,Intel Core i3,8,256,15.6,0,661.0
1407,1,Lenovo,V15,Intel Core i3,8,512,15.6,0,576.66
1413,0,Asus,F515,Intel Core i3,8,256,15.6,0,479.0
1414,0,Acer,Aspire,Intel Core i3,8,256,15.6,0,316.94
1415,0,Acer,Aspire,Intel Core i3,8,256,15.6,0,569.0
1416,0,Acer,Aspire,Intel Core i3,8,512,14.0,0,334.24
1417,0,Apple,MacBook Air,Intel Core i3,8,256,13.3,0,710.0
1418,0,Apple,MacBook Air,Intel Core i3,8,256,13.3,0,727.37
1419,0,Apple,MacBook Air,Intel Core i3,8,256,13.3,0,767.39
1420,0,Asus,VivoBook,Intel Core i3,8,256,15.6,0,363.83
1421,0,HP,15S,Intel Core i3,8,256,15.6,0,334.54
1422,1,HP,15S,Intel Core i3,8,256,15.6,0,608.94
1423,0,HP,250,Intel Core i3,8,512,15.6,0,392.69
1424,0,Lenovo,IdeaPad,Intel Core i3,8,256,15.6,0,307.09
1425,0,Lenovo,IdeaPad,Intel Core i3,8,512,15.6,0,719.79
1426,0,Lenovo,IdeaPad,Intel Core i3,8,256,14.0,1,537.19
1427,0,Lenovo,ThinkBook,Intel Core i3,8,256,14.0,0,719.79
1428,0,Lenovo,ThinkBook,Intel Core i3,8,256,14.0,0,585.29
1429,0,Lenovo,ThinkBook,Intel Core i3,8,256,15.6,0,426.39
1430,0,Lenovo,V15,Intel Core i3,8,256,15.6,0,563.92
1432,1,Lenovo,ThinkPad,AMD Ryzen 5,8,256,14.0,0,909.0
1433,1,Lenovo,V15,AMD Ryzen 5,16,512,15.6,0,476.99
1434,1,HP,Pavilion,AMD Ryzen 5,16,512,15.6,0,799.0
1435,1,HP,15S,AMD Ryzen 5,8,512,15.6,0,599.01
1436,1,HP,15S,AMD Ryzen 5,12,512,15.6,0,549.0
1438,1,MSI,Modern,AMD Ryzen 5,16,512,15.6,0,839.0
1439,1,Lenovo,IdeaPad,AMD Ryzen 5,8,512,15.6,0,599.0
1440,1,Lenovo,IdeaPad,AMD Ryzen 5,8,512,15.6,0,689.01
1441,1,Asus,VivoBook,AMD Ryzen 5,8,512,15.6,0,509.99
1442,1,Lenovo,IdeaPad,AMD Ryzen 5,8,512,15.6,0,659.0
1443,1,Lenovo,IdeaPad,AMD Ryzen 5,8,512,15.6,0,549.0
1444,1,Lenovo,IdeaPad,AMD Ryzen 5,16,512,15.6,0,729.0
1445,1,HP,255,AMD Ryzen 5,16,512,15.6,0,873.29
1446,1,Lenovo,IdeaPad,AMD Ryzen 5,8,512,15.6,0,589.0
1447,1,Lenovo,IdeaPad,AMD Ryzen 5,16,512,15.6,0,979.0
1448,1,Asus,ZenBook,AMD Ryzen 5,16,512,14.0,0,969.0
1449,1,Lenovo,IdeaPad,AMD Ryzen 5,16,512,14.0,1,799.0
1450,1,Lenovo,IdeaPad,AMD Ryzen 5,16,512,15.6,0,879.0
1451,1,Lenovo,IdeaPad,AMD Ryzen 5,16,512,15.6,0,779.01
1452,1,Medion,Akoya,AMD Ryzen 5,4,256,14.0,0,499.0
1453,1,Acer,Nitro,AMD Ryzen 5,16,1000,15.6,0,1199.0
1454,1,Asus,ZenBook,AMD Ryzen 5,16,512,14.0,0,999.0
1456,1,Lenovo,V15,AMD Ryzen 5,16,512,15.6,0,475.0
1457,1,Lenovo,IdeaPad,AMD Ryzen 5,8,512,15.6,0,944.82
1458,1,Lenovo,V15,AMD Ryzen 5,8,512,15.6,0,442.99
1459,1,Lenovo,V15,AMD Ryzen 5,8,256,15.6,0,449.0
1460,1,Asus,VivoBook,AMD Ryzen 5,16,512,16.0,0,579.01
1461,1,Asus,ZenBook,AMD Ryzen 5,8,512,14.0,0,809.45
1463,1,HP,ProBook,AMD Ryzen 5,16,512,15.6,0,799.0
1464,1,Lenovo,IdeaPad,AMD Ryzen 5,16,512,15.6,0,879.0
1465,1,Lenovo,Legion,AMD Ryzen 5,8,512,15.6,0,1252.5
1466,1,Dell,Vostro,AMD Ryzen 5,8,256,16.0,0,829.0
1467,1,Lenovo,IdeaPad,AMD Ryzen 5,16,512,15.6,0,689.01
1468,1,Asus,VivoBook,AMD Ryzen 5,8,512,16.0,0,437.87
1469,1,Acer,Aspire,AMD Ryzen 5,8,512,15.6,0,819.0
1470,1,Lenovo,V15,AMD Ryzen 5,8,256,15.6,0,529.0
1472,1,Lenovo,IdeaPad,AMD Ryzen 5,8,256,15.6,0,834.11
1473,1,Lenovo,Yoga,AMD Ryzen 5,8,512,14.0,0,979.0
1474,1,Asus,ZenBook,AMD Ryzen 5,16,512,14.0,0,856.0
1475,0,MSI,Modern,AMD Ryzen 5,8,512,14.0,0,659.44
1477,1,Acer,Extensa,AMD Ryzen 5,8,512,15.6,0,379.01
1478,1,Microsoft,Surface Laptop,AMD Ryzen 5,8,256,13.5,1,1129.0
1479,1,HP,ProBook,AMD Ryzen 5,8,256,13.3,0,1069.0
1480,1,Asus,ZenBook,AMD Ryzen 5,16,512,14.0,0,1157.12
1482,1,Medion,Akoya,AMD Ryzen 5,8,256,15.6,0,563.62
1483,1,HP,15S,AMD Ryzen 5,8,512,15.6,0,479.61
1484,1,MSI,Modern,AMD Ryzen 5,8,512,15.6,0,720.25
1485,1,Acer,Nitro,AMD Ryzen 5,16,512,15.6,0,1559.0
1486,1,HP,Victus,AMD Ryzen 5,16,512,16.1,0,1120.0
1487,1,Asus,ZenBook,AMD Ryzen 5,16,512,14.0,0,812.61
1488,1,Lenovo,ThinkPad,AMD Ryzen 5,8,256,13.3,0,799.0
1489,1,HP,255,AMD Ryzen 5,8,512,15.6,0,498.0
1490,1,Acer,Extensa,AMD Ryzen 5,8,256,15.6,0,439.0
1491,0,Dell,Vostro,AMD Ryzen 5,8,256,15.6,0,529.99
1492,1,Asus,ZenBook,AMD Ryzen 5,8,512,14.0,0,755.48
1493,1,Medion,Akoya,AMD Ryzen 5,8,256,15.6,0,399.99
1494,1,HP,255,AMD Ryzen 5,16,512,15.6,0,595.01
1495,1,HP,15S,AMD Ryzen 5,8,512,15.6,0,536.48
1496,1,HP,Pavilion,AMD Ryzen 5,16,512,15.6,0,671.01
1497,1,HP,15S,AMD Ryzen 5,8,256,15.6,0,478.26
1498,1,HP,255,AMD Ryzen 5,8,512,15.6,0,507.53
1499,1,HP,Victus,AMD Ryzen 5,8,512,16.1,0,845.48
1500,1,Lenovo,IdeaPad,AMD Ryzen 5,16,512,14.0,0,749.0
1501,1,Lenovo,V15,AMD Ryzen 5,8,512,15.6,0,439.0
1502,1,Lenovo,IdeaPad,AMD Ryzen 5,8,512,14.0,0,757.0
1503,0,Asus,ZenBook,AMD Ryzen 5,16,512,14.0,0,608.64
1504,1,HP,15S,AMD Ryzen 5,8,512,15.6,0,660.99
1505,1,HP,15S,AMD Ryzen 5,12,256,15.6,0,655.34
1506,1,Asus,VivoBook,AMD Ryzen 5,16,512,15.6,0,1016.0
1507,1,Asus,ZenBook,AMD Ryzen 5,16,512,14.0,0,955.0
1508,1,Asus,ZenBook,AMD Ryzen 5,16,512,14.0,0,868.74
1509,1,Acer,Aspire,AMD Ryzen 5,8,512,15.6,0,854.93
1510,1,Acer,Extensa,AMD Ryzen 5,8,512,15.6,0,491.13
1511,1,Acer,Extensa,AMD Ryzen 5,8,256,15.6,0,473.0
1512,1,Dell,Vostro,AMD Ryzen 5,8,256,15.6,0,1895.48
1513,1,HP,15S,AMD Ryzen 5,8,256,15.6,0,478.45
1514,1,HP,15S,AMD Ryzen 5,8,256,15.6,0,594.22
1515,1,HP,15S,AMD Ryzen 5,8,512,15.6,0,709.65
1516,1,HP,15S,AMD Ryzen 5,8,512,15.6,0,554.0
1517,1,HP,15S,AMD Ryzen 5,8,512,15.6,0,652.92
1518,1,HP,15S,AMD Ryzen 5,8,512,15.6,0,538.98
1519,1,HP,15S,AMD Ryzen 5,8,256,15.6,0,476.99
1520,1,HP,255,AMD Ryzen 5,8,256,15.6,0,1094.9
1521,1,HP,255,AMD Ryzen 5,8,256,15.6,0,644.7
1522,1,HP,255,AMD Ryzen 5,8,256,15.6,0,538.99
1523,1,HP,Pavilion,AMD Ryzen 5,16,512,15.6,0,816.21
1524,1,HP,Victus,AMD Ryzen 5,8,512,16.1,0,812.52
1525,1,HP,Victus,AMD Ryzen 5,16,512,16.1,0,865.4
1526,1,HP,Victus,AMD Ryzen 5,8,512,16.1,0,792.65
1527,1,Lenovo,IdeaPad,AMD Ryzen 5,8,512,15.6,0,554.0
1528,1,Lenovo,IdeaPad,AMD Ryzen 5,8,512,15.6,0,531.34
1529,1,Lenovo,IdeaPad,AMD Ryzen 5,8,512,17.3,0,895.0
1530,1,Lenovo,IdeaPad,AMD Ryzen 5,8,512,15.6,0,996.21
1531,1,Lenovo,ThinkBook,AMD Ryzen 5,8,256,14.0,0,875.05
1532,0,Lenovo,ThinkBook,AMD Ryzen 5,8,256,15.6,0,786.92
1533,1,Lenovo,ThinkBook,AMD Ryzen 5,8,256,15.6,0,846.67
1534,1,Lenovo,ThinkPad,AMD Ryzen 5,16,512,15.6,0,1061.0
1535,1,Lenovo,ThinkPad,AMD Ryzen 5,8,256,15.6,0,1002.59
1536,1,Lenovo,V15,AMD Ryzen 5,8,256,15.6,0,718.0
1537,1,Lenovo,V15,AMD Ryzen 5,8,512,15.6,0,547.63
1538,1,Lenovo,Yoga,AMD Ryzen 5,8,512,14.0,1,1311.0
1540,1,Medion,Akoya,AMD Ryzen 5,8,256,15.6,0,399.99
1541,1,Medion,Akoya,AMD Ryzen 5,8,256,15.6,0,663.9
1542,0,Asus,ZenBook,AMD Ryzen 5,8,512,14.0,0,571.54
1543,0,Dell,Vostro,AMD Ryzen 5,8,256,15.6,0,617.54
1544,0,HP,255,AMD Ryzen 5,8,256,15.6,0,410.69
1545,0,HP,255,AMD Ryzen 5,8,512,15.6,0,599.0
1546,0,HP,Victus,AMD Ryzen 5,16,512,16.1,0,735.84
1547,0,Lenovo,IdeaPad,AMD Ryzen 5,8,512,15.6,0,569.04
1548,0,Lenovo,IdeaPad,AMD Ryzen 5,16,512,15.6,0,1010.27
1549,0,Lenovo,IdeaPad,AMD Ryzen 5,8,512,15.6,0,713.83
1551,0,MSI,Modern,AMD Ryzen 5,8,512,14.0,0,642.39
1552,0,MSI,Modern,AMD Ryzen 5,8,512,15.6,0,444.19
1553,1,MSI,Pulse,Intel Core i9,32,1000,15.6,0,2399.01
1554,1,MSI,Raider,Intel Core i9,32,1000,16.0,0,2599.0
1555,1,MSI,Pulse,Intel Core i9,32,1000,15.6,0,2299.0
1557,1,MSI,Pulse,Intel Core i9,32,1000,17.3,0,1599.0
1558,1,Asus,ROG,Intel Core i9,32,1000,16.0,0,2599.0
1559,1,MSI,Creator,Intel Core i9,32,1000,17.0,1,2979.01
1560,1,Asus,ROG,Intel Core i9,32,1000,16.0,0,3699.01
1561,1,Asus,ROG,Intel Core i9,32,1000,18.0,0,3699.01
1562,1,Asus,ROG,Intel Core i9,32,1000,18.0,0,2659.0
1563,1,MSI,Stealth,Intel Core i9,32,2000,16.0,0,2914.18
1564,1,Asus,ROG,Intel Core i9,32,1000,16.0,0,3599.0
1565,1,Asus,ROG,Intel Core i9,32,1000,18.0,0,3399.0
1566,1,MSI,Raider,Intel Core i9,32,1000,16.0,0,3099.0
1567,1,Asus,ROG,Intel Core i9,32,1000,16.0,0,2699.0
1568,1,Asus,TUF,Intel Core i9,32,1000,17.3,0,2099.0
1569,1,Asus,ROG,Intel Core i9,32,1000,16.0,0,2599.0
1570,1,Asus,TUF,Intel Core i9,32,1000,17.3,0,1889.0
1573,1,Asus,ROG,Intel Core i9,32,2000,16.0,0,4299.0
1574,1,Asus,ROG,Intel Core i9,32,1000,15.6,0,3499.0
1575,1,HP,Omen,Intel Core i9,32,1000,16.1,0,2399.01
1576,1,MSI,Raider,Intel Core i9,32,1000,16.0,0,2899.0
1577,1,Asus,ROG,Intel Core i9,32,1000,16.0,0,3099.0
1579,1,Asus,ROG,Intel Core i9,32,1000,16.0,1,2999.0
1580,1,MSI,Creator,Intel Core i9,32,1000,16.0,1,2899.0
1581,1,Gigabyte,Aorus,Intel Core i9,16,1000,15.6,0,2179.0
1582,1,Asus,ROG,Intel Core i9,16,1000,13.4,1,2099.0
1583,1,Asus,ROG,Intel Core i9,32,2000,16.0,0,3499.01
1584,1,Razer,Blade,Intel Core i9,32,2000,16.0,0,4999.01
1585,1,Razer,Blade,Intel Core i9,16,1000,16.0,0,3099.0
1586,1,Razer,Blade,Intel Core i9,16,1000,16.0,0,3499.01
1587,1,Razer,Blade,Intel Core i9,32,1000,16.0,0,3799.99
1588,1,MSI,Creator,Intel Core i9,64,2000,16.0,1,3061.31
1589,1,Lenovo,Legion,Intel Core i9,32,1000,16.0,0,2689.01
1590,1,MSI,Creator,Intel Core i9,64,1000,16.0,1,3289.01
1591,0,MSI,Creator,Intel Core i9,64,2000,17.0,1,3394.99
1592,1,Asus,ROG,Intel Core i9,32,1000,16.0,0,2459.01
1595,1,Razer,Blade,Intel Core i9,32,1000,17.3,0,4499.99
1596,1,Razer,Blade,Intel Core i9,16,1000,17.3,0,3899.99
1597,1,Asus,ROG,Intel Core i9,16,1000,13.4,1,2420.65
1598,1,Lenovo,Legion,Intel Core i9,32,1000,16.0,0,4199.0
1599,1,Asus,ROG,Intel Core i9,64,1000,17.3,0,4299.01
1600,1,Asus,ROG,Intel Core i9,16,1000,16.0,1,2599.01
1601,0,Apple,MacBook Pro,Intel Core i9,16,1000,16.0,0,1899.0
1602,1,Razer,Blade,Intel Core i9,16,1000,15.6,0,3699.0
1603,1,Razer,Blade,Intel Core i9,32,1000,16.0,0,4199.91
1604,1,MSI,Raider,Intel Core i9,64,2000,17.0,0,5199.0
1605,1,MSI,Creator,Intel Core i9,32,1000,17.0,1,3175.35
1606,1,Lenovo,Legion,Intel Core i9,32,1000,16.0,0,4580.73
1607,1,Acer,Nitro,Intel Core i9,16,512,17.3,0,1495.69
1608,0,Apple,MacBook Pro,Intel Core i9,32,2000,16.0,0,2755.0
1609,1,MSI,Raider,Intel Core i9,32,2000,17.0,0,7150.47
1610,0,MSI,Pulse,Intel Core i9,32,1000,17.3,0,1999.0
1611,0,Asus,ROG,Intel Core i9,16,1000,13.4,1,1899.0
1612,0,Apple,MacBook Pro,Intel Core i9,16,1000,16.0,0,1924.9
1613,0,MSI,Raider,Intel Core i9,32,1000,15.6,0,3299.0
1614,0,Razer,Blade,Intel Core i9,32,1000,15.6,0,4399.99
1615,1,Asus,ROG,Intel Core i9,32,1000,16.0,0,3456.44
1616,1,Asus,ROG,Intel Core i9,64,2000,16.0,0,5758.14
1617,1,Lenovo,Legion,Intel Core i9,32,1000,16.0,0,5018.14
1618,1,MSI,Creator,Intel Core i9,64,2000,17.0,1,3448.42
1620,0,Asus,ROG,Intel Core i9,16,1000,13.4,1,3999.0
1621,0,Asus,ROG,Intel Core i9,32,1000,17.3,0,2999.0
1622,0,Asus,ROG,Intel Core i9,32,2000,16.0,0,3999.0
1623,0,Apple,MacBook Pro,Intel Core i9,16,512,15.4,0,1410.65
1624,0,Apple,MacBook Pro,Intel Core i9,16,512,15.4,0,1410.65
1625,0,Apple,MacBook Pro,Intel Core i9,32,2000,16.0,0,2711.4
1626,0,Asus,ROG,Intel Core i9,32,3000,17.3,0,3499.01
1627,0,Asus,ROG,Intel Core i9,32,1000,17.3,0,1770.24
1628,0,Asus,ROG,Intel Core i9,32,1000,17.3,0,1861.34
1629,0,Gigabyte,Aero,Intel Core i9,16,1000,15.6,0,1313.64
1630,0,Gigabyte,Aero,Intel Core i9,32,2000,16.0,0,3799.0
1631,0,HP,Zbook,Intel Core i9,32,1000,15.6,0,4805.65
1632,0,Lenovo,Legion,Intel Core i9,32,1000,16.0,0,3337.69
1633,0,MSI,Creator,Intel Core i9,64,2000,16.0,1,3699.0
1634,0,MSI,Creator,Intel Core i9,64,2000,17.0,1,4599.0
1635,0,MSI,Creator,Intel Core i9,32,2000,17.0,1,3899.0
1636,0,MSI,Raider,Intel Core i9,32,1000,15.6,0,1820.65
1637,0,MSI,Stealth,Intel Core i9,64,2000,15.6,0,2679.88
1638,0,MSI,Raider,Intel Core i9,32,1000,15.6,0,3399.0
1639,0,MSI,Raider,Intel Core i9,64,2000,17.3,0,3799.0
1640,0,MSI,Raider,Intel Core i9,64,2000,17.3,0,4699.0
1641,0,MSI,Raider,Intel Core i9,64,2000,17.3,0,3599.0
1642,0,MSI,Raider,Intel Core i9,64,2000,17.3,0,4499.0
1646,0,Razer,Blade,Intel Core i9,32,1000,17.3,0,4699.99
1647,1,LG,Gram,Intel Evo Core i7,16,512,17.0,0,1799.0
1648,1,Asus,ZenBook,Intel Evo Core i7,16,512,13.3,0,1199.0
1649,1,LG,Gram,Intel Evo Core i7,32,1000,17.0,0,1809.01
1650,1,MSI,Summit,Intel Evo Core i7,16,1000,13.4,1,1799.0
1651,1,MSI,Prestige,Intel Evo Core i7,32,1000,13.3,0,1599.0
1652,1,MSI,Prestige,Intel Evo Core i7,16,512,14.0,0,1399.0
1655,1,MSI,Summit,Intel Evo Core i7,16,1000,16.0,1,1829.0
1657,1,LG,Gram,Intel Evo Core i7,32,1000,16.0,0,1819.01
1658,1,MSI,Prestige,Intel Evo Core i7,16,1000,13.3,0,1499.01
1659,1,LG,Gram,Intel Evo Core i7,16,512,15.0,0,1549.0
1660,1,LG,Gram,Intel Evo Core i7,32,512,17.0,0,2360.08
1661,1,MSI,Summit,Intel Evo Core i7,32,1000,13.4,1,1899.0
1662,1,MSI,Summit,Intel Evo Core i7,16,512,13.4,1,1709.0
1663,1,LG,Gram,Intel Evo Core i7,16,512,17.0,0,1799.0
1664,1,MSI,Summit,Intel Evo Core i7,16,1000,14.0,1,1689.0
1665,1,Microsoft,Surface Pro,Intel Evo Core i7,16,256,13.0,1,1859.0
1666,1,LG,Gram,Intel Evo Core i7,16,512,17.0,0,1699.0
1668,1,LG,Gram,Intel Evo Core i7,32,1000,15.0,0,1929.01
1669,1,Asus,ZenBook,Intel Evo Core i7,16,512,14.0,0,1259.01
1670,1,Microsoft,Surface Pro,Intel Evo Core i7,16,512,13.0,1,2189.0
1671,1,LG,Gram,Intel Evo Core i7,32,512,17.0,0,2399.0
1672,1,LG,Gram,Intel Evo Core i7,32,1000,14.0,0,1999.0
1673,1,LG,Gram,Intel Evo Core i7,32,512,16.0,0,2349.0
1674,1,Microsoft,Surface Laptop,Intel Evo Core i7,8,256,15.0,1,1529.0
1675,1,Microsoft,Surface Pro,Intel Evo Core i7,16,1000,13.0,1,2529.0
1676,1,LG,Gram,Intel Evo Core i7,16,512,15.0,0,1699.0
1677,1,Microsoft,Surface Laptop,Intel Evo Core i7,16,512,15.0,1,2079.0
1678,1,LG,Gram,Intel Evo Core i7,16,1000,14.0,1,1899.01
1679,1,Microsoft,Surface Laptop,Intel Evo Core i7,8,512,15.0,1,1749.0
1680,1,Asus,VivoBook,Intel Evo Core i7,16,512,14.0,0,1449.5
1681,1,Dell,Latitude,Intel Evo Core i7,16,512,13.0,1,1620.92
1683,1,LG,Gram,Intel Evo Core i7,32,512,15.0,0,2099.0
1684,1,LG,Gram,Intel Evo Core i7,32,1000,17.0,0,2199.0
1685,1,Lenovo,Yoga,Intel Evo Core i7,16,512,14.0,1,1671.0
1686,1,Lenovo,Yoga,Intel Evo Core i7,16,1000,14.0,1,1979.0
1687,1,Lenovo,Yoga,Intel Evo Core i7,16,1000,14.0,1,2099.0
1688,1,Microsoft,Surface Laptop,Intel Evo Core i7,16,512,15.0,1,2079.0
1689,1,Lenovo,Yoga,Intel Evo Core i7,16,512,14.5,0,1561.0
1690,1,Microsoft,Surface Laptop,Intel Evo Core i7,16,512,15.0,1,2310.0
1691,1,LG,Gram,Intel Evo Core i7,16,512,15.0,0,2175.83
1692,1,Dell,Vostro,Intel Evo Core i7,16,512,13.3,0,1216.0
1693,1,Asus,ZenBook,Intel Evo Core i7,16,512,14.0,0,1299.0
1694,1,Asus,ZenBook,Intel Evo Core i7,16,512,13.3,0,1016.0
1695,0,Asus,ZenBook,Intel Evo Core i7,16,512,13.9,1,1599.0
1696,0,LG,Gram,Intel Evo Core i7,32,2000,16.0,0,1882.19
1698,1,Lenovo,ThinkPad,Intel Evo Core i7,16,1000,13.0,1,3107.62
1699,1,Lenovo,ThinkPad,Intel Evo Core i7,32,1000,14.0,0,3721.08
1700,1,Lenovo,Yoga,Intel Evo Core i7,16,1000,14.0,1,2383.85
1701,1,Lenovo,Yoga,Intel Evo Core i7,16,1000,14.0,1,2646.0
1702,1,Lenovo,Yoga,Intel Evo Core i7,16,512,14.0,0,1625.28
1703,1,Lenovo,Yoga,Intel Evo Core i7,8,512,14.0,0,1271.0
1704,1,Lenovo,Yoga,Intel Evo Core i7,16,1000,14.0,1,2744.99
1705,1,Microsoft,Surface Laptop,Intel Evo Core i7,16,512,13.5,1,2022.7
1706,1,Microsoft,Surface Laptop,Intel Evo Core i7,16,256,15.0,1,2312.1
1707,1,Microsoft,Surface Laptop,Intel Evo Core i7,16,512,13.5,1,2022.7
1708,1,Microsoft,Surface Laptop,Intel Evo Core i7,8,256,15.0,1,1658.99
1709,1,Microsoft,Surface Laptop,Intel Evo Core i7,16,256,15.0,1,2103.55
1710,1,Microsoft,Surface Laptop,Intel Evo Core i7,16,512,15.0,1,2150.38
1711,1,Microsoft,Surface Laptop,Intel Evo Core i7,8,512,15.0,1,1838.29
1712,1,Microsoft,Surface Pro,Intel Evo Core i7,16,1000,12.3,1,2842.5
1713,1,Microsoft,Surface Pro,Intel Evo Core i7,16,256,13.0,1,1897.72
1714,1,Microsoft,Surface Pro,Intel Evo Core i7,16,256,13.0,1,1467.58
1715,0,Asus,ZenBook,Intel Evo Core i7,16,512,13.3,1,1099.99
1716,0,Lenovo,ThinkPad,Intel Evo Core i7,16,512,14.0,0,2204.98
1717,0,Lenovo,Yoga,Intel Evo Core i7,16,1000,14.0,1,1999.0
1720,1,Lenovo,V15,Intel Celeron,8,256,15.6,0,349.0
1721,1,HP,250,Intel Celeron,8,256,15.6,0,399.0
1722,1,Asus,Chromebook,Intel Celeron,8,32,14.0,0,349.0
1723,1,HP,250,Intel Celeron,8,256,15.6,0,383.26
1724,1,Acer,Aspire,Intel Celeron,8,256,15.6,0,306.99
1725,1,Lenovo,V15,Intel Celeron,8,256,15.6,0,322.49
1727,1,HP,Chromebook,Intel Celeron,4,32,11.6,1,282.57
1728,1,Lenovo,V15,Intel Celeron,4,128,15.6,0,279.0
1729,1,Lenovo,Chromebook,Intel Celeron,4,128,11.6,1,451.0
1730,1,HP,Chromebook,Intel Celeron,4,32,11.6,0,230.14
1731,1,Acer,Aspire,Intel Celeron,8,256,15.6,0,359.01
1732,1,HP,15S,Intel Celeron,8,256,15.6,0,323.45
1736,1,HP,15S,Intel Celeron,8,256,15.6,0,465.26
1737,1,HP,15S,Intel Celeron,8,512,15.6,0,392.0
1738,1,Asus,VivoBook,Intel Celeron,4,256,14.0,1,398.01
1740,1,HP,250,Intel Celeron,8,256,15.6,0,357.64
1741,1,HP,15S,Intel Celeron,4,128,15.6,0,395.4
1742,1,Lenovo,V15,Intel Celeron,8,256,15.6,0,411.0
1743,1,Asus,Chromebook,Intel Celeron,4,32,11.6,0,304.82
1745,1,Acer,Aspire,Intel Celeron,8,128,15.6,0,486.0
1746,1,HP,15S,Intel Celeron,8,256,15.6,0,335.28
1747,1,HP,15S,Intel Celeron,8,512,15.6,0,517.01
1748,1,HP,15S,Intel Celeron,8,256,15.6,0,354.0
1749,1,HP,15S,Intel Celeron,8,256,15.6,0,403.83
1750,1,HP,15S,Intel Celeron,8,256,15.6,0,402.22
1752,1,Lenovo,V15,Intel Celeron,8,256,15.6,0,339.78
1753,1,Lenovo,V15,Intel Celeron,4,256,15.6,0,361.0
1754,1,Medion,Akoya,Intel Celeron,4,128,14.0,0,267.49
1755,1,Medion,Akoya,Intel Celeron,8,256,15.6,0,408.24
1756,0,Acer,Aspire,Intel Celeron,4,128,15.6,0,264.14
1757,0,Lenovo,IdeaPad,Intel Celeron,8,256,15.6,0,480.95
1758,0,Medion,Akoya,Intel Celeron,4,64,14.0,0,246.89
1759,1,Lenovo,IdeaPad,AMD Ryzen 3,8,256,15.6,0,391.0
1760,1,Lenovo,IdeaPad,AMD Ryzen 3,8,256,15.6,0,499.0
1761,1,Lenovo,IdeaPad,AMD Ryzen 3,8,256,15.6,0,499.0
1762,1,Lenovo,IdeaPad,AMD Ryzen 3,8,256,15.6,0,439.99
1763,1,HP,15S,AMD Ryzen 3,8,256,15.6,0,529.0
1764,1,Lenovo,IdeaPad,AMD Ryzen 3,8,256,15.6,0,459.0
1765,1,HP,Chromebook,AMD Ryzen 3,8,128,14.0,0,579.01
1766,1,HP,15S,AMD Ryzen 3,8,512,15.6,0,479.0
1767,1,Lenovo,V15,AMD Ryzen 3,8,256,15.6,0,399.0
1768,1,Lenovo,IdeaPad,AMD Ryzen 3,8,256,15.6,0,499.0
1769,1,HP,255,AMD Ryzen 3,8,512,15.6,0,388.0
1770,1,HP,255,AMD Ryzen 3,8,256,15.6,0,379.0
1771,1,Lenovo,IdeaPad,AMD Ryzen 3,8,256,15.6,0,511.49
1772,1,Lenovo,V15,AMD Ryzen 3,8,512,15.6,0,399.0
1773,1,HP,255,AMD Ryzen 3,8,256,15.6,0,386.05
1774,1,HP,15S,AMD Ryzen 3,8,512,15.6,0,416.0
1775,1,Medion,Akoya,AMD Ryzen 3,8,256,15.6,0,529.0
1776,1,HP,15S,AMD Ryzen 3,8,256,15.6,0,431.99
1777,1,HP,255,AMD Ryzen 3,8,512,15.6,0,495.33
1778,1,HP,255,AMD Ryzen 3,8,1000,15.6,0,471.0
1779,1,Lenovo,V15,AMD Ryzen 3,8,256,15.6,0,359.9
1780,1,Medion,Akoya,AMD Ryzen 3,8,256,15.6,0,327.51
1781,1,HP,255,AMD Ryzen 3,8,256,15.6,0,556.22
1782,1,HP,15S,AMD Ryzen 3,8,512,15.6,0,470.44
1783,1,HP,15S,AMD Ryzen 3,8,256,15.6,0,391.41
1784,1,HP,15S,AMD Ryzen 3,8,256,15.6,0,529.0
1785,1,HP,15S,AMD Ryzen 3,8,512,15.6,0,405.39
1787,1,Asus,VivoBook,AMD Ryzen 3,8,256,15.6,0,563.23
1788,1,Acer,Extensa,AMD Ryzen 3,8,256,15.6,0,371.0
1789,1,Acer,Extensa,AMD Ryzen 3,8,256,15.6,0,479.0
1790,1,HP,15S,AMD Ryzen 3,8,256,15.6,0,581.01
1791,1,HP,15S,AMD Ryzen 3,8,512,15.6,0,593.11
1792,1,HP,15S,AMD Ryzen 3,8,512,15.6,0,586.66
1793,1,HP,15S,AMD Ryzen 3,8,256,15.6,0,461.05
1794,1,HP,255,AMD Ryzen 3,8,256,15.6,0,455.55
1795,1,HP,255,AMD Ryzen 3,8,256,15.6,0,839.14
1796,1,Lenovo,ThinkBook,AMD Ryzen 3,8,256,15.6,0,745.0
1798,1,Medion,Akoya,AMD Ryzen 3,8,256,15.6,0,369.85
1799,0,Asus,ExpertBook,AMD Ryzen 3,8,256,15.6,0,469.0
1800,0,HP,15S,AMD Ryzen 3,8,256,15.6,0,449.0
1801,0,Lenovo,ThinkBook,AMD Ryzen 3,8,256,15.6,0,418.79
1802,1,Asus,TUF,AMD Ryzen 9,32,512,15.6,0,1699.01
1803,1,Asus,TUF,AMD Ryzen 9,32,1000,17.3,0,1899.01
1804,1,Asus,ROG,AMD Ryzen 9,32,1000,17.3,0,2999.0
1805,1,Asus,ROG,AMD Ryzen 9,32,1000,14.0,0,2499.0
1806,1,Asus,TUF,AMD Ryzen 9,16,1000,16.0,0,1699.0
1807,1,Asus,ROG,AMD Ryzen 9,32,1000,17.3,0,2999.01
1808,1,Asus,ROG,AMD Ryzen 9,64,2000,16.0,0,5159.0
1809,1,Asus,ROG,AMD Ryzen 9,32,1000,14.0,0,2299.0
1810,1,Asus,ROG,AMD Ryzen 9,16,1000,13.4,1,1999.0
1811,0,Asus,ROG,AMD Ryzen 9,32,1000,17.3,0,2099.0
1812,1,Acer,Nitro,AMD Ryzen 9,16,1000,15.6,0,2399.01
1813,0,Asus,ROG,AMD Ryzen 9,32,1000,17.3,0,2499.0
1814,1,Asus,ROG,AMD Ryzen 9,32,1000,14.0,0,4599.0
1815,0,Razer,Blade,AMD Ryzen 9,16,1000,14.0,0,2899.99
1816,1,Razer,Blade,AMD Ryzen 9,16,1000,14.0,0,4105.45
1817,1,Asus,TUF,AMD Ryzen 9,16,1000,15.6,0,2017.87
1818,1,Asus,ROG,AMD Ryzen 9,16,1000,16.0,1,2773.31
1819,0,Asus,ROG,AMD Ryzen 9,32,1000,17.3,0,3258.19
1820,0,Asus,ROG,AMD Ryzen 9,32,1000,16.0,1,3299.0
1821,1,Asus,ROG,AMD Ryzen 9,16,1000,17.3,0,2203.07
1822,0,Asus,ROG,AMD Ryzen 9,16,1000,15.6,0,1248.59
1823,0,Asus,ROG,AMD Ryzen 9,16,1000,14.0,0,1277.64
1824,1,Asus,ROG,AMD Ryzen 9,32,1000,13.4,1,3943.37
1825,1,Asus,ROG,AMD Ryzen 9,32,1000,13.4,1,3834.15
1826,1,Asus,ROG,AMD Ryzen 9,32,1000,15.6,0,2535.45
1827,0,Asus,ROG,AMD Ryzen 9,32,1000,17.3,0,2052.74
1828,1,Lenovo,ThinkBook,AMD Ryzen 9,32,1000,16.0,0,2424.01
1829,0,Asus,ROG,AMD Ryzen 9,32,1000,15.6,0,3099.0
1830,0,Asus,ROG,AMD Ryzen 9,32,1000,17.3,0,2799.0
1831,0,Asus,ROG,AMD Ryzen 9,32,1000,17.3,0,2353.24
1832,0,Asus,ROG,AMD Ryzen 9,64,4000,16.0,0,3999.0
1833,0,Asus,ROG,AMD Ryzen 9,32,1000,15.6,0,1599.98
1834,0,Asus,ROG,AMD Ryzen 9,32,1000,15.6,0,1888.94
1835,0,Asus,ROG,AMD Ryzen 9,32,1000,13.4,1,2099.0
1836,0,Asus,ROG,AMD Ryzen 9,16,1000,15.6,0,1299.0
1837,0,Asus,ROG,AMD Ryzen 9,32,1000,15.6,0,2071.29
1838,0,Asus,ROG,AMD Ryzen 9,32,1000,17.3,0,1931.64
1839,0,Asus,ROG,AMD Ryzen 9,16,1000,14.0,0,1399.0
1840,0,Asus,ROG,AMD Ryzen 9,32,1000,14.0,0,2799.0
1841,0,Asus,ROG,AMD Ryzen 9,32,1000,17.3,0,1999.0
1842,0,Asus,ROG,AMD Ryzen 9,64,1000,17.3,0,2871.29
1844,0,HP,Omen,AMD Ryzen 9,16,1000,16.1,0,1242.39
1846,1,Lenovo,Yoga,Intel Evo Core i5,16,512,14.5,0,1529.0
1847,1,MSI,Prestige,Intel Evo Core i5,16,512,14.0,0,1339.01
1848,1,Asus,ZenBook,Intel Evo Core i5,16,512,14.0,0,1199.0
1849,1,Microsoft,Surface Laptop,Intel Evo Core i5,8,256,13.5,1,1179.0
1850,1,Microsoft,Surface Laptop,Intel Evo Core i5,8,512,13.5,1,1419.0
1851,1,Microsoft,Surface Laptop,Intel Evo Core i5,8,512,13.5,1,1419.0
1852,1,Microsoft,Surface Pro,Intel Evo Core i5,8,256,13.0,1,1299.0
1853,1,Microsoft,Surface Pro,Intel Evo Core i5,8,256,13.0,1,1299.0
1854,1,Lenovo,Yoga,Intel Evo Core i5,8,512,14.0,0,979.0
1855,1,Microsoft,Surface Pro,Intel Evo Core i5,8,256,13.0,1,1403.0
1856,1,Microsoft,Surface Pro,Intel Evo Core i5,16,256,13.0,1,1778.0
1857,1,Microsoft,Surface Pro,Intel Evo Core i5,8,256,13.0,1,1293.93
1858,1,Dell,Vostro,Intel Evo Core i5,16,512,13.3,0,1020.24
1859,1,Asus,ZenBook,Intel Evo Core i5,16,512,14.0,0,1205.99
1860,1,Dell,Vostro,Intel Evo Core i5,8,256,13.3,0,919.0
1861,1,Lenovo,ThinkBook,Intel Evo Core i5,16,512,13.3,0,1162.82
1862,1,Lenovo,ThinkPad,Intel Evo Core i5,8,256,14.0,0,1512.54
1863,1,Lenovo,ThinkPad,Intel Evo Core i5,8,256,14.0,0,1334.94
1864,1,Lenovo,Yoga,Intel Evo Core i5,16,512,14.5,0,1595.12
1865,1,Microsoft,Surface Laptop,Intel Evo Core i5,16,512,13.5,1,1846.85
1866,1,Microsoft,Surface Laptop,Intel Evo Core i5,8,256,13.5,1,1321.47
1867,1,Microsoft,Surface Laptop,Intel Evo Core i5,8,512,13.5,1,1576.27
1868,1,Microsoft,Surface Laptop,Intel Evo Core i5,8,512,13.5,1,1576.27
1869,1,Microsoft,Surface Pro,Intel Evo Core i5,8,256,13.0,1,1394.98
1870,1,Microsoft,Surface Pro,Intel Evo Core i5,8,128,13.0,1,1582.0
1872,0,LG,Gram,Intel Evo Core i5,8,512,14.0,0,701.28
1873,1,Apple,MacBook Pro,Apple M2,8,256,13.3,0,1599.0
1874,1,Apple,MacBook Air,Apple M2,8,256,13.6,0,1519.0
1875,1,Apple,MacBook Air,Apple M2,8,256,13.6,0,1519.0
1876,1,Apple,MacBook Air,Apple M2,8,256,15.3,0,1599.0
1877,1,Apple,MacBook Pro,Apple M2,8,256,13.3,0,1619.0
1878,1,Apple,MacBook Air,Apple M2,8,256,13.6,0,1519.0
1879,1,Apple,MacBook Air,Apple M2,8,512,13.6,0,1869.0
1880,1,Apple,MacBook Air,Apple M2,8,256,15.3,0,1599.0
1881,1,Apple,MacBook Air,Apple M2,8,512,13.6,0,1869.0
1882,1,Apple,MacBook Air,Apple M2,16,256,13.6,0,1639.01
1883,1,Apple,MacBook Air,Apple M2,8,256,15.3,0,1599.0
1884,1,Apple,MacBook Air,Apple M2,8,512,13.6,0,1869.0
1885,1,Apple,MacBook Pro,Apple M2,8,512,13.3,0,1849.0
1886,1,Apple,MacBook Pro,Apple M2,16,256,13.3,0,1729.01
1887,1,Apple,MacBook Air,Apple M2,8,256,13.6,0,1519.0
1888,1,Apple,MacBook Pro,Apple M2,16,512,13.3,0,1899.01
1889,1,Apple,MacBook Air,Apple M2,8,512,15.3,0,1829.0
1890,1,Apple,MacBook Air,Apple M2,8,512,13.6,0,1869.0
1891,1,Apple,MacBook Air,Apple M2,8,512,15.3,0,1829.0
1892,1,Apple,MacBook Air,Apple M2,16,512,13.6,0,1969.01
1893,1,Apple,MacBook Pro,Apple M2,32,1000,16.2,0,3799.0
1894,1,Apple,MacBook Pro,Apple M2,32,1000,14.2,0,3379.01
1895,1,Apple,MacBook Pro,Apple M2,8,512,13.3,0,1849.0
1896,1,Apple,MacBook Air,Apple M2,8,256,15.3,0,1599.0
1897,1,Apple,MacBook Pro,Apple M2,32,1000,14.2,0,3399.0
1898,1,Apple,MacBook Air,Apple M2,8,512,15.3,0,1829.0
1899,1,Apple,MacBook Air,Apple M2,8,512,15.3,0,1829.0
1900,0,Apple,MacBook Air,Apple M2,8,256,13.6,0,1519.0
1901,1,Apple,MacBook Pro,Apple M2 Pro,16,512,14.2,0,2209.0
1902,1,Apple,MacBook Pro,Apple M2 Pro,16,512,14.2,0,2269.0
1903,1,Apple,MacBook Pro,Apple M2 Pro,16,1000,14.2,0,2729.01
1904,1,Apple,MacBook Pro,Apple M2 Pro,32,512,14.2,0,2719.0
1905,1,Apple,MacBook Pro,Apple M2 Pro,32,1000,14.2,0,2939.01
1906,1,Apple,MacBook Pro,Apple M2 Pro,16,512,16.2,0,2729.01
1907,1,Apple,MacBook Pro,Apple M2 Pro,32,1000,16.2,0,3499.01
1908,1,Apple,MacBook Pro,Apple M2 Pro,16,1000,16.2,0,2999.01
1909,1,Apple,MacBook Pro,Apple M2 Pro,16,1000,14.2,0,2749.0
1910,1,Apple,MacBook Pro,Apple M2 Pro,16,512,16.2,0,2789.0
1911,1,Apple,MacBook Pro,Apple M2 Pro,32,1000,14.2,0,3279.0
1912,1,Apple,MacBook Pro,Apple M2 Pro,32,512,16.2,0,3279.0
1913,1,Apple,MacBook Pro,Apple M2 Pro,16,1000,16.2,0,2999.01
1914,1,Lenovo,IdeaPad,AMD 3020e,4,128,15.6,0,442.99
1915,1,Lenovo,IdeaPad,AMD 3020e,4,256,15.6,0,321.99
1916,1,HP,255,AMD 3020e,8,256,15.6,0,339.0
1917,1,HP,15S,AMD 3020e,4,128,15.6,0,379.0
1918,1,HP,15S,AMD 3020e,8,256,15.6,0,301.01
1919,1,HP,15S,AMD 3020e,8,256,15.6,0,366.0
1920,1,HP,15S,AMD 3020e,4,128,15.6,0,381.76
1921,1,HP,15S,AMD 3020e,4,256,15.6,0,355.01
1922,1,HP,15S,AMD 3020e,4,128,15.6,0,367.34
1923,1,Lenovo,IdeaPad,AMD 3020e,4,256,14.0,0,422.0
1924,0,Lenovo,IdeaPad,AMD 3020e,8,256,15.6,0,299.0
1925,0,Lenovo,V15,AMD 3020e,8,256,15.6,0,445.79
